From spb@ntrs.com Tue May  9 21:24:39 EDT 1995
Article: 29653 of comp.ai
Path: cantaloupe.srv.cs.cmu.edu!das-news2.harvard.edu!news2.near.net!news.mathworks.com!gatech!howland.reston.ans.net!news-e1a.megaweb.com!newstf01.news.aol.com!uunet!bounce-back
From: spb@ntrs.com (Steve Bonine)
Newsgroups: news.announce.newgroups,news.groups,comp.robotics,comp.ai,sci.electronics,sci.engr,sci.engr.biomed,sci.engr.civil,sci.engr.control,sci.engr.manufacturing,sci.engr.mech
Subject: RESULT: comp.robotics.{misc,research} pass {163:30,177:18}
Supersedes: <comp.robotics.research-CFV2@uunet.uu.net>
Followup-To: news.groups
Date: 8 May 1995 13:18:04 -0400
Organization: Usenet Volunteer Votetakers
Lines: 286
Sender: tale@uunet.uu.net
Approved: tale@uunet.uu.net
Message-ID: <comp.robotics.research-RESULT@uunet.uu.net>
References: <3hmj9d$pba@rodan.UU.NET> <comp.robotics.research-CFV2@uunet.uu.net>
NNTP-Posting-Host: rodan.uu.net
Xref: glinda.oz.cs.cmu.edu news.announce.newgroups:6494 news.groups:147854 comp.robotics:20507 comp.ai:29653 sci.electronics:131397 sci.engr:15824 sci.engr.biomed:4320 sci.engr.civil:8553 sci.engr.control:5495 sci.engr.manufacturing:5374 sci.engr.mech:14402

				RESULT
         moderated group comp.robotics.research passes 177:18
unmoderated group comp.robotics.misc (replaces comp.robotics) passes 163:30

 Yes   No : 2/3? >100? : Pass? : Group
---- ---- : ---- ----- : ----- : -------------------------------------------
 163   30 :  Yes   Yes :   Yes : comp.robotics.misc (replaces comp.robotics)
 177   18 :  Yes   Yes :   Yes : comp.robotics.research
   4 invalid votes

For group passage, YES votes must be at least 2/3 of all valid (YES and NO)
votes.   There also must be at least 100 more YES votes than NO votes.

There is a five day discussion period after these results are posted.  If no
serious allegations of voting irregularities are raised, the moderator of
news.announce.newgroups will create the groups shortly thereafter.  The
superseded group (comp.robotics) will be removed in three months.

Newsgroups lines:
comp.robotics.misc      All aspects of robots and their applications.
comp.robotics.research  Academic, government & industry research in robotics. (Moderated)

Voting closed at 23:59:59 UTC, 6 May 1995.

This vote was conducted by a neutral third party.  For voting questions
only contact Steve Bonine <spb@ntrs.com>.  For questions about the proposed
group contact Wesley Scott <wscott@tam2000.tamu.edu>.

CHARTERS

comp.robotics.research [moderated] is for the discussion of
ongoing and proposed university, government, and industrial research
in the field of robotics.

Appropriate material includes short presentations and discussions of
significant research results, requests for collaboration on research
projects, descriptions of ongoing research projects, and new or unique
equipment, Requests for Proposals, Calls for Papers, Conference and
short course announcements, announcements of position vacancies, and
announcements of the availability of materials at Gopher, WWW, and
FTP sites.

comp.robotics.misc (replaces comp.robotics)

The summary line, distribution and charter of the new group
comp.robotics.misc would be unchanged from those currently
in existence for comp.robotics.  This change is solely for
the purpose of maintaining the structure of the name space.

MODERATOR INFORMATION (comp.robotics.research)

Martin Boyer <mboyer@ireq-robot.hydro.qc.ca>.

Iain Shigeoka <ion@falcon.cc.ukans.edu>

(crr stands for comp.robotics.research):

Submissions:

    crr@ireq-robot.hydro.qc.ca

Meta-discussions:

    crr-request@ireq-robot.hydro.qc.ca

comp.robotics.{misc,research} Final Vote Ack


                                                  comp.robotics.research ----+
                             comp.robotics.misc (replaces comp.robotics) ---+|
                                                                            ||
@hifws7.fertigungstechnik.uni-stuttgart.de:umgelter@hifws7    Peter Umgelte YY
A.deSmit@io.tudelft.nl                                         Bram de Smit YY
aaronrp@best.com                                               Aaron Priven Y-
ac343@rgfn.epcc.Edu                                        Michael S. Miner YN
acc@cee.hw.ac.uk                                                 Andy Clegg YY
adair@bigpine.csee.usf.edu                                Jonathan E. Adair YY
ag414@freenet.carleton.ca                                       Colin Leech YY
ah923@freenet.buffalo.edu                                 Stanley J. Hiller YY
alexmo@aisb.ed.ac.uk                                      Alexandros Moukas YY
archer@frmug.fr.net                                          Vincent Archer N-
arromdee@blaze.cs.jhu.edu                                      Ken Arromdee N-
ault@cs.albany.edu                                                 Jim Ault YY
baker@mickey.jsc.nasa.gov                                     Kenneth Baker YY
balaji@nexus.yorku.ca                                                Balaji NN
belboz@frc2.frc.ri.cmu.edu                                 Barry L. Brumitt YY
bjv@herbison.com                                              B.J. Herbison Y-
blake@uw-isdl.ee.washington.edu                             Blake Hannaford YY
blee@rpc.unb.ca                                                Benjamin Lee NY
BLUETH@KUHUB.CC.UKANS.EDU                                   Bill Bluethmann YY
BMACK@spar.ca                                                    Bruce Mack YY
bnelson@IUS5.IUS.CS.CMU.EDU                                     Brad Nelson YY
bonitz@ece.ucdavis.edu                                     Robert G. Bonitz YY
bouvin@daimi.aau.dk                                       Niels Olof Bouvin YY
brian@quinion.demon.co.uk                                     Brian Quinion YY
brock@pozn1v.tup.edu.pl                                                     YY
bruyninc@gobelijn.mech.kuleuven.ac.be                     Herman Bruyninckx YY
by177@cleveland.freenet.edu                                    D. L. Mosher NY
Carl.van.Geem@risc.uni-linz.ac.at                             Carl Van Geem YY
caselli@verdi.eng.unipr.it                                  Stefano Caselli YY
champou@lai1.univ-lyon1.fr                              Champoussin Olivier YY
cica@tiac.net                                           Thomas M. Cicatelli NN
clint.laskowski@mixcom.com                                CLINTON LASKOWSKI YY
cmcmanis@scndprsn.eng.sun.com                                 Chuck Mcmanis YY
coelho@tigger.cs.umass.edu                          Jefferson A. Coelho Jr. YY
cote@ireq-robot.hydro.qc.ca                                    JACQUES COTE YY
cro@ireq-robot.hydro.qc.ca                                    Alain Croteau YY
crouchkp@flidh101.delcoelect.com                             Kenneth Crouch --
csaamw@urc.tue.nl                                            Michiel Wijers NN
curtisb@iia.org                                                  Bob Curtis YY
cward@Think.COM                                            Christopher Ward NN
damir@is.net                                                Damir Smitlener YY
dan.r@ix.netcom.com                                          Dan Rothschild YY
davidw@aifh.ed.ac.uk                                             David Wren YY
dawson@eng.clemson.edu                                        Darren Dawson YY
decker428@aol.com                                                 Decker428 YY
ditmars@whirlaway.ci.com                                  Ditmars Veinbachs YY
dml@philabs.philips.com                                     Damian M. Lyons YY
dongil@ecn.purdue.edu                                           Dongil Shin YY
doyon@Lightning.McRCIM.McGill.EDU                              Michel Doyon YY
dr_legge@postoffice.utas.edu.au                                 David Legge YY
eem1026@Umoncton.CA                                    Etienne Marc Marcoux YY
egarbos@sanders.com                                          Eric R. Garbos YY
egilk@oslonett.no                                            Egil Kvaleberg NN
emmet.spier@zoology.oxford.ac.uk                                Emmet Spier YY
evan@robix.com                                                   Evan Rosen YY
faucher@ireq-robot.hydro.qc.ca                                Denis Faucher YY
foerster@coli.uni-bielefeld.de                             Steffen Foerster YY
fuentes@cs.rochester.edu                                       Olac Fuentes YY
gautamg@escape.com                                           Gautam Guliani YY
gerrys100@aol.com                                      Gerhard C. Streuding YY
giancarlo_borgonovi@cpqm.saic.com                       Giancarlo Borgonovi YY
girard@ireq-robot.hydro.qc.ca                                 Pierre Girard YY
gjb@gba.oz.au                                                    Greg Black YY
goeken@iastate.edu                                     Scott Matthew Goeken YY
groo@netcom.com                                                 Kiran Wagle YY
guiller@FRC2.FRC.RI.CMU.EDU                               Guillermo Heredia YY
gurses@boun.edu.tr                                     Huseyin Cagri Gurses YY
hamilton@ece.rice.edu                                      Deirdre Hamilton YY
haymes@u.washington.edu                                        Frank Haymes NN
ind01102@pegasus.cc.ucf.edu                                      Chris Rose YY
ion@falcon.cc.ukans.edu                                       Iain Shigeoka YY
J.W.H.Tangelder@io.tudelft.nl                                Hans Tangelder YY
jacob@rygel.anorad.com                                         Jacob George YY
jann@iuno.lira.dist.unige.it                                    Jan Nielsen YY
jcmurphy@smurfland.cit.buffalo.edu                              Jeff Murphy NN
jcohen@dri.cornell.edu                                  Jeffrey David Cohen NY
jdalmand@news.doas.state.ga.us       James D. Almand <jdalmand@State.Ga.US> YY
jdomingo@glup.eleinf.uv.es                                     Juan Domingo YY
Jean-Pierre.Merlet@sophia.inria.fr                                   merlet YY
jean@ireq-robot.hydro.qc.ca                                       Jean Cote NY
jeremyw@aifh.ed.ac.uk                                          Jeremy Wyatt YY
jimj@eecs.umich.edu                                              Jim Jewett Y-
jjf@caesar.rice.edu                                         Jaime Fernandez YY
jkr@IUS5.IUS.CS.CMU.EDU                                 Julio K. Rosenblatt YY
jla@cs.indiana.edu                                            jason almeter YY
Johan.Forsberg@sm.luth.se                                    Johan Forsberg YY
johnde@aifh.ed.ac.uk                                           John Demiris YY
jonboy@io.org                                                Trevor Tymchuk NY
jorgelc@singnet.com.sg                                         Jorge Codina NY
Joseph.M.Barbey@uwrf.edu                                      Joseph Barbey YY
joseph@cis.ohio-state.edu                                     Sudish Joseph YY
jrm@globalvillag.com                                  John R. MacWilliamson NN
jyoder@austen.helios.nd.edu                                John-David Yoder NN
kalle@proxima.alt.za                                     Kalle Pihlajasaari YY
katz@hpkatz.pa.itc.hp.com                                           Ed Katz YY
kilian@ironwood-fddi.cray.com                                   Alan Kilian YY
kim@shell.portal.com                                           Kim DeVaughn YY
kimketo@utu.fi                            Kimmo Ketolainen +358 40 500 2957 YY
kouchi@salmon.mse.kyutech.ac.jp                             Yasuhiro Kouchi YY
L15D@ZFN.UNI-BREMEN.DE                                     Martin Schr"oder YY
lidgard_bengt@bcgny.com                                       Bengt Lidgard YY
lrodrgz@free.org                                          Luis A. Rodriguez YY
lye@cs.sfu.ca                                                      Bill Lye YY
m-spong@uiuc.edu                                              Mark W. Spong YY
M.Pruefer@tu-bs.de                                                   Martin YY
maalund@merobsg.mer.utexas.edu                             Martin P. Aalund YY
mandtsys@ix.netcom.com                                         Tom Thornton YY
maria@acme.llnl.gov                                           Maria DeJesus YY
mark@lewisham.demon.co.uk                                    Mark Alexander YY
matthew@wallaroo.bu.edu                                     Matt Berkemeier YY
mboyer@ireq-robot.hydro.qc.ca                                  Martin Boyer YY
mfx@cs.tu-berlin.de                                        Markus Freericks YY
mhatz@raven.phs.com                                               Mike Hatz YY
michel@ireq-robot.hydro.qc.ca                              Michel Pelletier NY
miles@mail.utexas.edu                                       Miles Abernathy YY
milos@grip.cis.upenn.edu                                       Milos Zefran YY
mkl@rob.cs.tu-bs.de                                           Mario Klebsch YY
mkrishna@cs.cmu.edu                                          Murali Krishna -Y
mlm@cs.brown.edu                                              Moises Lejter YY
mmt@redbrick.com                                              M Mike Taksar --
mongenot@ireq-robot.hydro.qc.ca                            Patrick Mongenot YY
moss@bastille.cchem.berkeley.edu                                      David YY
mrstampe@mailbox.syr.edu                                      Chris Stamper -Y
ms17@st-andrews.ac.uk                                        Mike Spratling YY
msattler@jungle.com                                         Michael Sattler YY
mskubic@cs.tamu.edu                                            Marge Skubic YY
mulligan@cs.ubc.ca                                              J. Mulligan YY
ncostes@hubcap.clemson.edu                                   Nick Costescu  YY
nick@inferno.fc.hp.com                                       Nick Ingegneri NY
Norbert.Glaser@loria.fr                                      Norbert Glaser YY
nuno@aifh.ed.ac.uk                                                          -Y
orc@pell.com                                                  david parsons NY
osmolski@ireq-robot.hydro.qc.ca                             George Osmolski YY
otto@vaxb.acs.unt.edu                                    M. "I, Robot" Otto --
pai@cs.ubc.ca                                                    Dinesh Pai YY
pcr@ic.net                                                        phil reed YY
phoffman@proper.com                                            Paul Hoffman YY
pic@jerry.cat.csiro.au                                          Peter Corke YN
plutchak@porter.geo.brown.edu                                 Joel Plutchak YY
polyakov@src.umd.edu                                         Vadim Polyakov YY
polzer@uran.informatik.uni-bonn.de                                A. Polzer YY
pqua01@cs.auckland.ac.nz                                    Paul Qualtrough YY
provo_b@kosmos.wcc.govt.nz                                      Bart Provo. YY
pshuang@MIT.EDU                                                             YY
r3sjo@dax.cc.uakron.edu                                      Sean J ORourke YY
radrayer@panix.com                                           Rebecca Drayer YY
RADV@music.macarthur.uws.edu.au                                 Shaun Price NY
Rausch@informatik.uni-stuttgart.de                         Alexander Rausch YY
rbh@wolverine.utias.utoronto.ca                                 Roger Hertz YY
regie@ireq-robot.hydro.qc.ca                                    Regis Houde YY
rew@Nuance.Com                                                 Ryan Waldron NN
rgu@rob.cs.tu-bs.de                                            Ralf Gutsche YY
rhowe@vantec.com                                                  Rich Howe YY
rich+@F.GP.CS.CMU.EDU                                       Richard Goodwin YY
richardr@aisb.ed.ac.uk                                        Richard Reeve YY
rick@bcm.tmc.edu                                             Richard Miller NN
riti@cesi.it                                                 Francesco Riti YY
robert@eng2.uconn.edu                                      Robert McCartney YY
robin@robtoy.manawatu.planet.co.nz                            Robin Hartley YY
robsmith@u.washington.edu                                   Robert P. Smith NY
rstevew@armory.com                 Richard Steven Walz (rstevew@armory.com) NY
rtfm@cyberspace.com                                               Dan Thies YY
rude@fzi.de                                                     Markus Rude -Y
rufinus@mbe.ece.wisc.edu                                         J. Rufinus YY
russell@eds.co.nz                                          Russell Campbell YY
rv@cs.brown.edu                                             rodrigo vanegas YY
rwinn@ist.flinders.edu.au                                         Rhys Winn YY
samprabh@acpub.duke.edu                                    Sameer M. Prabhu YY
sandrag@aifh.ed.ac.uk                  Sandra Pinto Clara do Carmo Gadannho -Y
savio@ipvvis.UNIPV.IT                                        Massimo Savini YY
scjody@cs.mun.ca                                              Jody McIntyre YY
sengupta@laitram.com                                      Soumitra Sengupta YY
shaunc@faceplant.gvg.tek.com                                      Alan Chan YY
shrdlu@earthlink.net                                          Lynda L. True YY
sigaud@etca.fr                                               Olivier SIGAUD YY
simon@cim.mcgill.ca                                           Simon Lacroix -Y
simonpe@aisb.ed.ac.uk                                         Simon Perkins YY
sjsmith@cs.UMD.EDU                                     Stephen Joseph Smith YY
skurapat@capella.cs.utc.edu                                           sarva YY
stainles@bga.com                                               Dwight Brown NN
stephen@stanford.demon.co.uk                               Stephen Stanford NN
stephy@ireq-robot.hydro.qc.ca                               Stephane Gagnon YY
stevec@schilling.com                                            Steve Cohan YY
tacraft@ccs.carleton.ca                                     Christina Craft YN
tenzil@io.com                                                   James Kiley YY
tgb@bnr.com                                                  Tom Brusehaver NN
thornley@cs.umn.edu                                       David H. Thornley YY
Tim_Hubberstey@mindlink.bc.ca                                Tim Hubberstey YY
tmurphy@cs.uml.edu                                         Thomas G. Murphy YY
tolani@gradient.cis.upenn.edu                                 Deepak Tolani YY
tpd6908@cfdd15.ca.boeing.com                                    Tom Dickens NY
tunstel@mage.eece.unm.edu                                     Eddie Tunstel YY
valigi@eln.utovrm.it                                           Paolo Valigi YY
vinci@ireq-robot.hydro.qc.ca                                  Jean Lavallie YY
widenius@cc.helsinki.fi                                      Risto Widenius NN
WPComer@ix.netcom.com                                 William Patrick Comer YY
wscott@tam2000.tamu.edu                                        Wesley Scott -Y
wyllie@physun.physics.McMaster.CA                              Craig Wyllie YY
yamauchi@alpha.CES.CWRU.Edu                                  Brian Yamauchi YY
yavuzb@rorqual.cc.metu.edu.tr                                  Yavuz BATMAZ YY
zagz@ix.netcom.com                                            Ken Zagzebski YY
zeus@jhu.edu                                                Jeffrey M. Odom YY
ZZ891231@etsiig.uniovi.es                              OSCAR GONZALEZ SORDO YY


Votes in error
------------------------------------------------------------------------------
bdimmitt@hti.net
   ! No vote statement in message
GREENWAY@mecheng.me.ukans.edu                                   Bryan Greenway
   ! No ballot
jbeck@euler.Berkeley.EDU                                         Jonathan Beck
   ! No vote statement in message
nobody@io.org                                                     Russ Shearer
   ! Invalid address


Article 29653 of comp.ai:
Path: cantaloupe.srv.cs.cmu.edu!das-news2.harvard.edu!news2.near.net!news.mathworks.com!gatech!howland.reston.ans.net!news-e1a.megaweb.com!newstf01.news.aol.com!uunet!bounce-back
From: spb@ntrs.com (Steve Bonine)
Newsgroups: news.announce.newgroups,news.groups,comp.robotics,comp.ai,sci.electronics,sci.engr,sci.engr.biomed,sci.engr.civil,sci.engr.control,sci.engr.manufacturing,sci.engr.mech
Subject: RESULT: comp.robotics.{misc,research} pass {163:30,177:18}
Supersedes: <comp.robotics.research-CFV2@uunet.uu.net>
Followup-To: news.groups
Date: 8 May 1995 13:18:04 -0400
Organization: Usenet Volunteer Votetakers
Lines: 286
Sender: tale@uunet.uu.net
Approved: tale@uunet.uu.net
Message-ID: <comp.robotics.research-RESULT@uunet.uu.net>
References: <3hmj9d$pba@rodan.UU.NET> <comp.robotics.research-CFV2@uunet.uu.net>
NNTP-Posting-Host: rodan.uu.net
Xref: glinda.oz.cs.cmu.edu news.announce.newgroups:6494 news.groups:147854 comp.robotics:20507 comp.ai:29653 sci.electronics:131397 sci.engr:15824 sci.engr.biomed:4320 sci.engr.civil:8553 sci.engr.control:5495 sci.engr.manufacturing:5374 sci.engr.mech:14402

				RESULT
         moderated group comp.robotics.research passes 177:18
unmoderated group comp.robotics.misc (replaces comp.robotics) passes 163:30

 Yes   No : 2/3? >100? : Pass? : Group
---- ---- : ---- ----- : ----- : -------------------------------------------
 163   30 :  Yes   Yes :   Yes : comp.robotics.misc (replaces comp.robotics)
 177   18 :  Yes   Yes :   Yes : comp.robotics.research
   4 invalid votes

For group passage, YES votes must be at least 2/3 of all valid (YES and NO)
votes.   There also must be at least 100 more YES votes than NO votes.

There is a five day discussion period after these results are posted.  If no
serious allegations of voting irregularities are raised, the moderator of
news.announce.newgroups will create the groups shortly thereafter.  The
superseded group (comp.robotics) will be removed in three months.

Newsgroups lines:
comp.robotics.misc      All aspects of robots and their applications.
comp.robotics.research  Academic, government & industry research in robotics. (Moderated)

Voting closed at 23:59:59 UTC, 6 May 1995.

This vote was conducted by a neutral third party.  For voting questions
only contact Steve Bonine <spb@ntrs.com>.  For questions about the proposed
group contact Wesley Scott <wscott@tam2000.tamu.edu>.

CHARTERS

comp.robotics.research [moderated] is for the discussion of
ongoing and proposed university, government, and industrial research
in the field of robotics.

Appropriate material includes short presentations and discussions of
significant research results, requests for collaboration on research
projects, descriptions of ongoing research projects, and new or unique
equipment, Requests for Proposals, Calls for Papers, Conference and
short course announcements, announcements of position vacancies, and
announcements of the availability of materials at Gopher, WWW, and
FTP sites.

comp.robotics.misc (replaces comp.robotics)

The summary line, distribution and charter of the new group
comp.robotics.misc would be unchanged from those currently
in existence for comp.robotics.  This change is solely for
the purpose of maintaining the structure of the name space.

MODERATOR INFORMATION (comp.robotics.research)

Martin Boyer <mboyer@ireq-robot.hydro.qc.ca>.

Iain Shigeoka <ion@falcon.cc.ukans.edu>

(crr stands for comp.robotics.research):

Submissions:

    crr@ireq-robot.hydro.qc.ca

Meta-discussions:

    crr-request@ireq-robot.hydro.qc.ca

comp.robotics.{misc,research} Final Vote Ack


                                                  comp.robotics.research ----+
                             comp.robotics.misc (replaces comp.robotics) ---+|
                                                                            ||
@hifws7.fertigungstechnik.uni-stuttgart.de:umgelter@hifws7    Peter Umgelte YY
A.deSmit@io.tudelft.nl                                         Bram de Smit YY
aaronrp@best.com                                               Aaron Priven Y-
ac343@rgfn.epcc.Edu                                        Michael S. Miner YN
acc@cee.hw.ac.uk                                                 Andy Clegg YY
adair@bigpine.csee.usf.edu                                Jonathan E. Adair YY
ag414@freenet.carleton.ca                                       Colin Leech YY
ah923@freenet.buffalo.edu                                 Stanley J. Hiller YY
alexmo@aisb.ed.ac.uk                                      Alexandros Moukas YY
archer@frmug.fr.net                                          Vincent Archer N-
arromdee@blaze.cs.jhu.edu                                      Ken Arromdee N-
ault@cs.albany.edu                                                 Jim Ault YY
baker@mickey.jsc.nasa.gov                                     Kenneth Baker YY
balaji@nexus.yorku.ca                                                Balaji NN
belboz@frc2.frc.ri.cmu.edu                                 Barry L. Brumitt YY
bjv@herbison.com                                              B.J. Herbison Y-
blake@uw-isdl.ee.washington.edu                             Blake Hannaford YY
blee@rpc.unb.ca                                                Benjamin Lee NY
BLUETH@KUHUB.CC.UKANS.EDU                                   Bill Bluethmann YY
BMACK@spar.ca                                                    Bruce Mack YY
bnelson@IUS5.IUS.CS.CMU.EDU                                     Brad Nelson YY
bonitz@ece.ucdavis.edu                                     Robert G. Bonitz YY
bouvin@daimi.aau.dk                                       Niels Olof Bouvin YY
brian@quinion.demon.co.uk                                     Brian Quinion YY
brock@pozn1v.tup.edu.pl                                                     YY
bruyninc@gobelijn.mech.kuleuven.ac.be                     Herman Bruyninckx YY
by177@cleveland.freenet.edu                                    D. L. Mosher NY
Carl.van.Geem@risc.uni-linz.ac.at                             Carl Van Geem YY
caselli@verdi.eng.unipr.it                                  Stefano Caselli YY
champou@lai1.univ-lyon1.fr                              Champoussin Olivier YY
cica@tiac.net                                           Thomas M. Cicatelli NN
clint.laskowski@mixcom.com                                CLINTON LASKOWSKI YY
cmcmanis@scndprsn.eng.sun.com                                 Chuck Mcmanis YY
coelho@tigger.cs.umass.edu                          Jefferson A. Coelho Jr. YY
cote@ireq-robot.hydro.qc.ca                                    JACQUES COTE YY
cro@ireq-robot.hydro.qc.ca                                    Alain Croteau YY
crouchkp@flidh101.delcoelect.com                             Kenneth Crouch --
csaamw@urc.tue.nl                                            Michiel Wijers NN
curtisb@iia.org                                                  Bob Curtis YY
cward@Think.COM                                            Christopher Ward NN
damir@is.net                                                Damir Smitlener YY
dan.r@ix.netcom.com                                          Dan Rothschild YY
davidw@aifh.ed.ac.uk                                             David Wren YY
dawson@eng.clemson.edu                                        Darren Dawson YY
decker428@aol.com                                                 Decker428 YY
ditmars@whirlaway.ci.com                                  Ditmars Veinbachs YY
dml@philabs.philips.com                                     Damian M. Lyons YY
dongil@ecn.purdue.edu                                           Dongil Shin YY
doyon@Lightning.McRCIM.McGill.EDU                              Michel Doyon YY
dr_legge@postoffice.utas.edu.au                                 David Legge YY
eem1026@Umoncton.CA                                    Etienne Marc Marcoux YY
egarbos@sanders.com                                          Eric R. Garbos YY
egilk@oslonett.no                                            Egil Kvaleberg NN
emmet.spier@zoology.oxford.ac.uk                                Emmet Spier YY
evan@robix.com                                                   Evan Rosen YY
faucher@ireq-robot.hydro.qc.ca                                Denis Faucher YY
foerster@coli.uni-bielefeld.de                             Steffen Foerster YY
fuentes@cs.rochester.edu                                       Olac Fuentes YY
gautamg@escape.com                                           Gautam Guliani YY
gerrys100@aol.com                                      Gerhard C. Streuding YY
giancarlo_borgonovi@cpqm.saic.com                       Giancarlo Borgonovi YY
girard@ireq-robot.hydro.qc.ca                                 Pierre Girard YY
gjb@gba.oz.au                                                    Greg Black YY
goeken@iastate.edu                                     Scott Matthew Goeken YY
groo@netcom.com                                                 Kiran Wagle YY
guiller@FRC2.FRC.RI.CMU.EDU                               Guillermo Heredia YY
gurses@boun.edu.tr                                     Huseyin Cagri Gurses YY
hamilton@ece.rice.edu                                      Deirdre Hamilton YY
haymes@u.washington.edu                                        Frank Haymes NN
ind01102@pegasus.cc.ucf.edu                                      Chris Rose YY
ion@falcon.cc.ukans.edu                                       Iain Shigeoka YY
J.W.H.Tangelder@io.tudelft.nl                                Hans Tangelder YY
jacob@rygel.anorad.com                                         Jacob George YY
jann@iuno.lira.dist.unige.it                                    Jan Nielsen YY
jcmurphy@smurfland.cit.buffalo.edu                              Jeff Murphy NN
jcohen@dri.cornell.edu                                  Jeffrey David Cohen NY
jdalmand@news.doas.state.ga.us       James D. Almand <jdalmand@State.Ga.US> YY
jdomingo@glup.eleinf.uv.es                                     Juan Domingo YY
Jean-Pierre.Merlet@sophia.inria.fr                                   merlet YY
jean@ireq-robot.hydro.qc.ca                                       Jean Cote NY
jeremyw@aifh.ed.ac.uk                                          Jeremy Wyatt YY
jimj@eecs.umich.edu                                              Jim Jewett Y-
jjf@caesar.rice.edu                                         Jaime Fernandez YY
jkr@IUS5.IUS.CS.CMU.EDU                                 Julio K. Rosenblatt YY
jla@cs.indiana.edu                                            jason almeter YY
Johan.Forsberg@sm.luth.se                                    Johan Forsberg YY
johnde@aifh.ed.ac.uk                                           John Demiris YY
jonboy@io.org                                                Trevor Tymchuk NY
jorgelc@singnet.com.sg                                         Jorge Codina NY
Joseph.M.Barbey@uwrf.edu                                      Joseph Barbey YY
joseph@cis.ohio-state.edu                                     Sudish Joseph YY
jrm@globalvillag.com                                  John R. MacWilliamson NN
jyoder@austen.helios.nd.edu                                John-David Yoder NN
kalle@proxima.alt.za                                     Kalle Pihlajasaari YY
katz@hpkatz.pa.itc.hp.com                                           Ed Katz YY
kilian@ironwood-fddi.cray.com                                   Alan Kilian YY
kim@shell.portal.com                                           Kim DeVaughn YY
kimketo@utu.fi                            Kimmo Ketolainen +358 40 500 2957 YY
kouchi@salmon.mse.kyutech.ac.jp                             Yasuhiro Kouchi YY
L15D@ZFN.UNI-BREMEN.DE                                     Martin Schr"oder YY
lidgard_bengt@bcgny.com                                       Bengt Lidgard YY
lrodrgz@free.org                                          Luis A. Rodriguez YY
lye@cs.sfu.ca                                                      Bill Lye YY
m-spong@uiuc.edu                                              Mark W. Spong YY
M.Pruefer@tu-bs.de                                                   Martin YY
maalund@merobsg.mer.utexas.edu                             Martin P. Aalund YY
mandtsys@ix.netcom.com                                         Tom Thornton YY
maria@acme.llnl.gov                                           Maria DeJesus YY
mark@lewisham.demon.co.uk                                    Mark Alexander YY
matthew@wallaroo.bu.edu                                     Matt Berkemeier YY
mboyer@ireq-robot.hydro.qc.ca                                  Martin Boyer YY
mfx@cs.tu-berlin.de                                        Markus Freericks YY
mhatz@raven.phs.com                                               Mike Hatz YY
michel@ireq-robot.hydro.qc.ca                              Michel Pelletier NY
miles@mail.utexas.edu                                       Miles Abernathy YY
milos@grip.cis.upenn.edu                                       Milos Zefran YY
mkl@rob.cs.tu-bs.de                                           Mario Klebsch YY
mkrishna@cs.cmu.edu                                          Murali Krishna -Y
mlm@cs.brown.edu                                              Moises Lejter YY
mmt@redbrick.com                                              M Mike Taksar --
mongenot@ireq-robot.hydro.qc.ca                            Patrick Mongenot YY
moss@bastille.cchem.berkeley.edu                                      David YY
mrstampe@mailbox.syr.edu                                      Chris Stamper -Y
ms17@st-andrews.ac.uk                                        Mike Spratling YY
msattler@jungle.com                                         Michael Sattler YY
mskubic@cs.tamu.edu                                            Marge Skubic YY
mulligan@cs.ubc.ca                                              J. Mulligan YY
ncostes@hubcap.clemson.edu                                   Nick Costescu  YY
nick@inferno.fc.hp.com                                       Nick Ingegneri NY
Norbert.Glaser@loria.fr                                      Norbert Glaser YY
nuno@aifh.ed.ac.uk                                                          -Y
orc@pell.com                                                  david parsons NY
osmolski@ireq-robot.hydro.qc.ca                             George Osmolski YY
otto@vaxb.acs.unt.edu                                    M. "I, Robot" Otto --
pai@cs.ubc.ca                                                    Dinesh Pai YY
pcr@ic.net                                                        phil reed YY
phoffman@proper.com                                            Paul Hoffman YY
pic@jerry.cat.csiro.au                                          Peter Corke YN
plutchak@porter.geo.brown.edu                                 Joel Plutchak YY
polyakov@src.umd.edu                                         Vadim Polyakov YY
polzer@uran.informatik.uni-bonn.de                                A. Polzer YY
pqua01@cs.auckland.ac.nz                                    Paul Qualtrough YY
provo_b@kosmos.wcc.govt.nz                                      Bart Provo. YY
pshuang@MIT.EDU                                                             YY
r3sjo@dax.cc.uakron.edu                                      Sean J ORourke YY
radrayer@panix.com                                           Rebecca Drayer YY
RADV@music.macarthur.uws.edu.au                                 Shaun Price NY
Rausch@informatik.uni-stuttgart.de                         Alexander Rausch YY
rbh@wolverine.utias.utoronto.ca                                 Roger Hertz YY
regie@ireq-robot.hydro.qc.ca                                    Regis Houde YY
rew@Nuance.Com                                                 Ryan Waldron NN
rgu@rob.cs.tu-bs.de                                            Ralf Gutsche YY
rhowe@vantec.com                                                  Rich Howe YY
rich+@F.GP.CS.CMU.EDU                                       Richard Goodwin YY
richardr@aisb.ed.ac.uk                                        Richard Reeve YY
rick@bcm.tmc.edu                                             Richard Miller NN
riti@cesi.it                                                 Francesco Riti YY
robert@eng2.uconn.edu                                      Robert McCartney YY
robin@robtoy.manawatu.planet.co.nz                            Robin Hartley YY
robsmith@u.washington.edu                                   Robert P. Smith NY
rstevew@armory.com                 Richard Steven Walz (rstevew@armory.com) NY
rtfm@cyberspace.com                                               Dan Thies YY
rude@fzi.de                                                     Markus Rude -Y
rufinus@mbe.ece.wisc.edu                                         J. Rufinus YY
russell@eds.co.nz                                          Russell Campbell YY
rv@cs.brown.edu                                             rodrigo vanegas YY
rwinn@ist.flinders.edu.au                                         Rhys Winn YY
samprabh@acpub.duke.edu                                    Sameer M. Prabhu YY
sandrag@aifh.ed.ac.uk                  Sandra Pinto Clara do Carmo Gadannho -Y
savio@ipvvis.UNIPV.IT                                        Massimo Savini YY
scjody@cs.mun.ca                                              Jody McIntyre YY
sengupta@laitram.com                                      Soumitra Sengupta YY
shaunc@faceplant.gvg.tek.com                                      Alan Chan YY
shrdlu@earthlink.net                                          Lynda L. True YY
sigaud@etca.fr                                               Olivier SIGAUD YY
simon@cim.mcgill.ca                                           Simon Lacroix -Y
simonpe@aisb.ed.ac.uk                                         Simon Perkins YY
sjsmith@cs.UMD.EDU                                     Stephen Joseph Smith YY
skurapat@capella.cs.utc.edu                                           sarva YY
stainles@bga.com                                               Dwight Brown NN
stephen@stanford.demon.co.uk                               Stephen Stanford NN
stephy@ireq-robot.hydro.qc.ca                               Stephane Gagnon YY
stevec@schilling.com                                            Steve Cohan YY
tacraft@ccs.carleton.ca                                     Christina Craft YN
tenzil@io.com                                                   James Kiley YY
tgb@bnr.com                                                  Tom Brusehaver NN
thornley@cs.umn.edu                                       David H. Thornley YY
Tim_Hubberstey@mindlink.bc.ca                                Tim Hubberstey YY
tmurphy@cs.uml.edu                                         Thomas G. Murphy YY
tolani@gradient.cis.upenn.edu                                 Deepak Tolani YY
tpd6908@cfdd15.ca.boeing.com                                    Tom Dickens NY
tunstel@mage.eece.unm.edu                                     Eddie Tunstel YY
valigi@eln.utovrm.it                                           Paolo Valigi YY
vinci@ireq-robot.hydro.qc.ca                                  Jean Lavallie YY
widenius@cc.helsinki.fi                                      Risto Widenius NN
WPComer@ix.netcom.com                                 William Patrick Comer YY
wscott@tam2000.tamu.edu                                        Wesley Scott -Y
wyllie@physun.physics.McMaster.CA                              Craig Wyllie YY
yamauchi@alpha.CES.CWRU.Edu                                  Brian Yamauchi YY
yavuzb@rorqual.cc.metu.edu.tr                                  Yavuz BATMAZ YY
zagz@ix.netcom.com                                            Ken Zagzebski YY
zeus@jhu.edu                                                Jeffrey M. Odom YY
ZZ891231@etsiig.uniovi.es                              OSCAR GONZALEZ SORDO YY


Votes in error
------------------------------------------------------------------------------
bdimmitt@hti.net
   ! No vote statement in message
GREENWAY@mecheng.me.ukans.edu                                   Bryan Greenway
   ! No ballot
jbeck@euler.Berkeley.EDU                                         Jonathan Beck
   ! No vote statement in message
nobody@io.org                                                     Russ Shearer
   ! Invalid address


