From rdippold@qualcomm.com Mon Mar 13 18:29:26 EST 1995
Article: 27968 of comp.ai
Path: cantaloupe.srv.cs.cmu.edu!das-news2.harvard.edu!news2.near.net!news.mathworks.com!uunet!bounce-back
From: rdippold@qualcomm.com (Ron "Asbestos" Dippold)
Newsgroups: news.announce.newgroups,news.groups,comp.ai,rec.games.abstract,rec.games.chess,rec.games.design,rec.games.programmer
Subject: RESULT: comp.ai.games passes 402:13
Supersedes: <comp.ai.games-CFV2@uunet.uu.net>
Followup-To: news.groups
Date: 7 Mar 1995 16:15:27 -0500
Organization: Usenet Volunteer Votetakers
Lines: 488
Sender: tale@uunet.uu.net
Approved: tale@uunet.uu.net
Message-ID: <comp.ai.games-RESULT@uunet.uu.net>
References: <comp.ai.games-RFD1@uunet.uu.net> <comp.ai.games-CFV1@uunet.uu.net> <comp.ai.games-CFV2@uunet.uu.net>
NNTP-Posting-Host: rodan.uu.net
Xref: glinda.oz.cs.cmu.edu news.announce.newgroups:6062 news.groups:137536 comp.ai:27968

                                    RESULT
                unmoderated group comp.ai.games passes 402:13

There were 402 YES votes and 13 NO votes, for a total of 415 valid votes.
There were 2 abstains and 2 invalid ballots.

For group passage, YES votes must be at least 2/3 of all valid (YES and NO)
votes.   There also must be at least 100 more YES votes than NO votes.

There is a five day discussion period after these results are posted.  If no
serious allegations of voting irregularities are raised, the moderator of
news.announce.newgroups will create the group shortly thereafter.


Newsgroups line:
comp.ai.games   Artificial intelligence in games and game-playing.

This vote is being conducted by a neutral third party.  For voting
questions only contact rdippold@qualcomm.com.  For questions about the
proposed group contact Dan Thies <rtfm@cyberspace.com>


CHARTER

    The newsgroup comp.ai.games will provide a forum for the discussion of
artificial intelligence in games and game-playing.  The group will explore
practical and theoretical aspects of applying artificial intelligence
concepts to the domain of game-playing.
    In addition to the traditional game areas such as chess and go, the
group will also welcome those seeking to bring artificial intelligence into
other computer games.  Computer games in this context would consist of games
played by humans against computers, and by computers (including robots) against
each other.
    This newsgroup is not an appropriate place for the discussion of machine
specific coding problems, nor is it the proper place to discuss strategies
for defeating computer opponents in existing games.  There are other newsgroups
already in existence to answer these questions.

Justification:

    The subject of artificial intelligence in games has come up in
many forms in many different newsgroups.  The main groups affected by
this have been the comp.ai.* and rec.games.* newsgroups, although
every comp.sys.programmer group sees AI questions occasionally.  A
dedicated newsgroup would give these common questions a logical place,
and provide a forum for more in-depth discussion and exploration of
this subject.  In addition to providing a resource for beginners in
the field, the group would allow serious researchers a forum for the
exchange of ideas.  By bringing together people from different
backgrounds, the group would allow all participants an opportunity to
explore new directions, and allow everyone to learn from each other.


comp.ai.games Final Vote Ack

Voted Yes
------------------------------------------------------------------------------
2002hd@netcom.com                                               Afonso Arantes
92511@tayloru.edu                                    You're a daisy if you do.
92586@tayloru.edu                         Eric Mathiasen, at Taylor University
93462@tayloru.edu    FOR EDUCATIONAL PURPOSES ONLY - COMMERCIAL USE PROHIBITED
abnixon@dmension.demon.co.uk                                    Andrew B Nixon
ache@astral.msk.su                               Andrew A. Chernov, Black Mage
actor@telerama.lm.com                                      Philip R. Spagnolli
adia@egnatia.eng.auth.gr                                Alejandros Diamandidis
adrian@per.dms.csiro.au
adw@Chopin.rau.ac.za                                              Anton de Wet
aewalter@okanagan.bc.ca                                                 Walter
aff@po.cwru.edu                                                   Alan Fetters
ag24@gen.cam.ac.uk                                                        ag24
aldous@mundil.cs.mu.OZ.AU                                 Matthew David ALDOUS
alexis@theworm.demon.co.uk                                   Alexis M L Mather
allen@wcdf.viewlogic.com
altini@ssi.it                                                   Daniele Altini
ananda@cs.utexas.edu                                             Ananda M. Kar
andi@neuro.informatik.uni-ulm.de                              Andreas Kuechler
andrew.carlyle@zetnet.co.uk                                     Andrew Carlyle
andrew@cs.uct.ac.za                                             Andrew Luppnow
andy@zebedee.demon.co.uk                                           Andy Fitter
anieto@dit.upm.es                                      Amalio F. Nieto Serrano
Anne.Collinot@laforia.ibp.fr                         collinot anne 45 31 02 29
anneke@echelon.nl                                                 Anneke Treep
ao443@yfn.ysu.edu                                             Brennan T. Price
artoma@eskimo.com                                                 Darren White
as5mcrai@ucsalf.ac.uk                                            mark craig 95
ault@cs.albany.edu                                                    Jim Ault
az859@yfn.ysu.edu                                                 Wesley Mills
bankler@terrier.ece.cmu.edu                                      Brian Bankler
bas8841@risky.wcslc.edu                                    Benjamin Alan Snarr
bcohen@cs.Buffalo.EDU                                               Bram Cohen
bernard@marge.cs.mcgill.ca                                Bernard Desruisseaux
bhough@yvw406.DECNET.LOCKHEED.COM    Brannen Hough - Sr.SW.Eng. - Lockheed San
biddle@cs.bu.edu                                                 Jeremy Biddle
bit@altair.ten.ch                                           Thomas K. Bischoff
bk019@aix.dvz.fh-koeln.de                                  Joerg Bretschneider
blackm@CCMAIL.tt.com
blevis@iitmax.acc.iit.edu                                           Eli Blevis
blix@asimov.cs.uiuc.edu                                            Gunnar Blix
bob@caprica.com                                                   Bob Newstadt
boisseri@dialup.francenet.fr                       Bruno T. B. de la Boisserie
bop@delu.bb.bawue.de                                             Boris Diebold
breese@imada.ou.dk                                                 Bjorn Reese
breuker@cs.rulimburg.nl                                         Dennis Breuker
brock@cs.ualberta.ca                                          Mark Brockington
bruce.hansen@chameleon.alt.za                                     bruce hansen
BWADE@relay.nswc.navy.mil                                        Shadowmeister
cadesjar@calum.csclub.uwaterloo.ca                                   Chewbacca
camco!mechp40!ferguson@ucsd.edu                                   Bob Ferguson
camshaft@werple.mira.net.au                                        Cameron Ing
casanova@info.polymtl.ca                                           Hugues Lamy
cburke@mitre.org                                                    Carl Burke
ces@ugcs.caltech.edu                                 Corinna Esmeralda Schultz
chao@kaleida.com                                                 Chih Chao Lam
Christian.Egli@hcsd.hac.com                                     Christian Egli
Christophe.Dubreuil@laforia.ibp.fr                         Christophe Dubreuil
cif@dit.upm.es                                 Carlos Angel Iglesias Fernandez
cilibrar@netcom.com                                             Rudi Cilibrasi
cjohnson@gonix.gonix.com                                         Chuck Johnson
cls6@midway.uchicago.edu                                         Cory L. Scott
clstampe@mailbox.syr.edu                                         Chris Stamper
clund@sdphu3.ucsd.edu                                       Christopher P Lund
cmoeller@capool.bau.tu-bs.de                                 Christian Moeller
Colin.Cressy@jcu.edu.au                                        Colin J. Cressy
colley@qucis.queensu.ca                                            Paul Colley
coulom@ensisun.imag.fr                                             Remi Coulom
craig@green.studio.sgi.com                                      Craig Reynolds
crb11@cus.cam.ac.uk                                                 Colin Bell
crews@pulsar.cs.wku.edu                                  Thaddeus R. Crews Jr.
crisdias@VNET.IBM.COM
cs2038@Bristol.ac.uk                                             EA. Wildgoose
cs94169@cs.ualberta.ca                                              David Bond
csilling@sgcms1.cern.ch                                          Akos Csilling
cyrano@jurassix.cs.uni-sb.de                                      Andreas Birk
d89-eek@nada.kth.se                                                Erik Ekholm
d92-foh@nada.kth.se                                           Fredrik Öhrström
dabeast+@CMU.EDU                                     Krysztof Emil Kamieniecki
dabice@utpapa.ph.utexas.edu                                      David A. Bice
Damien.Andre@fundp.ac.be                                          Damien Andre
daniel.helfman@rhosoft.com                                      Daniel Helfman
danlip@cs.indiana.edu                                             Dan Lipofsky
daredevl@enterprise.America.com                                        GPFault
darse@cs.ualberta.ca                                            Darse Billings
dat94rbj@ludat.lth.se                                        Richard Bjorklund
david@aruba.ccit.arizona.edu                                             David
DA_PATE@PAVO.CONCORDIA.CA
dc@panix.com                                                 David W. Crawford
derek_rodger@mindlink.bc.ca                                       Derek Rodger
desj@ccr-p.ida.org                                            David desJardins
devink@tartarus.uwa.edu.au                                    Devin Kilminster
dew@max.tiac.net                                                         ThInK
dgymer@gdcarc.co.uk                                                 Dave Gymer
dhutchin@netcom.com                                           Daniel Hutchings
dinkla@lila.informatik.uni-bonn.de                                Joern Dinkla
dkoehler@aixterm1.urz.uni-heidelberg.de                         Dieter Koehler
dmayzer@zoot.tau.ac.il                                        Ayzer Meir-danie
dmenning@uh2309p03.daytonoh.NCR.COM                            Menninger, Dick
dokk@mv.MV.COM                                                 Dokk Martin Man
donato.barnaba@galactica.it                                     DONATO BARNABA
dr2@doc.ic.ac.uk                                               Dimitris Raptis
dradin@student.umass.edu                                        Daniel R Radin
drapert@math.byu.edu                                                Tom Draper
drmaier@wam.umd.edu                                                Louis Maier
dseal@armltd.co.uk                                                  David Seal
dstarr@minerva.cis.yale.edu                                       Daniel Starr
dvrchsn@peartree.win.net                                      David Richardson
e220y267@epas.utoronto.ca                                   Sau Ling Swalih Ma
eadengle@watcgl.uwaterloo.ca                            Ed \"Cynwrig\" Dengler
ecotax@xs4all.nl                                                     Peter Tax
edb@cnj.digex.net                                            Edward Betancourt
ehuffman@acm.org                                                  Eric Huffman
ekraft@netcom.com                                                   Erik Kraft
elascurn@daimi.aau.dk                                       Lars R{der Clausen
ellis@netcom.com                                                    Rick Ellis
elric@vesta.unm.edu                                               B. Underwood
english@PrimeNet.Com                                            Lawson English
Eric.Astor@dna.lth.se                                               Eric Astor
Eric.Jacopin@laforia.ibp.fr                                       Eric JACOPIN
escher@selway.umt.edu                                           Bradley Wilson
ewirtz@bga.com                                                      Erik Wirtz
ex@uiah.fi                                                       Samu Mielonen
eyhung@garnet.berkeley.edu                                         Eugene Hung
falk@lmgv.fri.ni.schule.de                                       Falk Hueffner
fishe@casbah.acns.nwu.edu
forbes@icabod.ih.att.com                                          Scott Forbes
frankc@netcom.com                                                Frank Crowell
fred@rich.tiac.net                                                 Fred Hommel
fsimkin@lehman.com                                                 Fred Simkin
furlos@rpi.edu                                                   Steve Furlong
g-j@chameleon.alt.za                                       Gert-Jan van Rooyen
g2kafka@cdf.toronto.edu                                        Patrick Tierney
g9426181@mcmail.CIS.McMaster.CA                                   Craig Burley
Gareth.Rees@cl.cam.ac.uk                                           Gareth Rees
garth@nyx.cs.du.edu                                      Garth E. Courtois Jr.
gautamg@escape.com                                              Gautam Guliani
gavin@senator.demon.co.uk                                          Gavin Estey
gbrown@ozemail.com.au                                             Gerry Browne
gee@geesys.GUN.de                                                 Juergen Geer
geert@aie.nl                                              Geert-Jan van Opdorp
ggww@sjfc.edu                                                 Gerry Wildenberg
ghsst6+@pitt.edu
gilest@wv.MENTORG.COM                               giles_thurston@mentorg.com
gillga@ira.uka.de                                                   Peter &sch
gizmo@sbox.tu-graz.ac.at                                           Mark Piffer
gjb@gba.oz.au                                                       Greg Black
gjf2a@server.cs.virginia.edu
gmoore@cyberacc.com                                                  G.R.Moore
greiner@wpts0.physik.uni-wuppertal.de                         Thorsten Greiner
grn@alcove.apana.org.au                                        Geoffrey Newman
grobilla@emr.ca.grobilla                                       Gerry Robillard
gseelhoff@aol.com                                                    GSeelhoff
hakan@speedy.franken.de                                         Hakan Tandogan
hal-j                                                                      Hal
hal@ll.mit.edu                                                Harold C. Payson
hale@mailhost.tcs.tulane.edu                                         Bill Hale
haloric@uk03.bull.co.uk                                           Ant Mitchell
hasteen@inet.uni-c.dk                                             Henrik Steen
hattan@fastlane.net                                                John Hattan
hawk@mrad.com.AU                                                Michael Hawkey
hde@MISSING.LINK.CS.CMU.EDU
heising@ws75.webo.dg.com
henrik@sto.foa.se                                             Henrik Johansson
herbert@greathan.apana.org.au                                       Herbert Xu
hh@hhdo.venture.net                                      Henning Holtschneider
hickeyr@ibm.net
HLEBASKO_JOSEPH_C@Lilly.com                                       Joe Hlebasko
hshsiao@freenet.columbus.oh.us                                  Ho-Sheng Hsiao
ianf@aisb.ed.ac.uk                                                   Ian Frank
ijamal@wnet.gov.edmonton.ab.ca                                     Iqbal Jamal
irina@rempt.xs4all.nl                                    Irina Rempt-Drijfhout
J.C.Kirk@durham.ac.uk
jap131@cac.psu.edu                                               John A. Pelna
jared@leland.Stanford.EDU                                           Jared Levy
jasonr@Newbridge.COM                                            Jason Rusmisel
jbaber@mi.leeds.ac.uk
jcachopo@poirot.ist.utl.pt                                        Joao Cachopo
jcw@alofi.etca.fr                                        Jean-Christophe Weill
jdalmand@statens1.state.ga.us                    JD Almand-DOAS Telcom Systems
jdyer@indirect.com                                                  Jason Dyer
jepler@herbie.unl.edu                                        Jeff "Obik" Epler
jestin@eis.enac.dgac.fr
jff@maths.nottingham.ac.uk                                    Joel F Feinstein
jfj@uces.bangor.ac.uk                                      Mr J. F. E. Jackson
jhorns1@cs.umbc.edu                                            Jon M Hornstein
jim@acm.org                                                       Jim Gillogly
jlayland@grissom.jpl.nasa.gov                                    James Layland
jloll@rahul.net                                                      Jeff Loll
joerg.czeranski@informatik.tu-clausthal.de                     Joerg Czeranski
johan@gig.nl                                                       Johan Stolk
John.C.Lonningdal@hiMolde.no                         John Christian Lonningdal
johne@aisb.ed.ac.uk                                                John Elliot
jon@stekt.oulu.fi                                              Jouni Miettunen
jpajak1@gl.umbc.edu                                       John Pajak (BS CMCS)
jrv1@Ra.MsState.Edu                                       John R. Vander-Zwaag
julemc@fub46.zedat.fu-berlin.de                                  Marcus Caesar
Julian@utopia.mpx.com.au                                                Julian
juslius@peeky.caltech.edu                                           Julius Su
jweber@cs.Buffalo.EDU                                             John A Weber
katoh@flab.fujitsu.co.jp                                           Hideki Kato
kbcottre@fedsrus.b15.ingr.com                                   Kevin Cottrell
kees@gig.nl                                                  Kees van Prooijen
KIP_DEGRAAF.parti@ecunet.org
kleiman@mazzo.studio.sgi.com                                     Ruben Kleiman
klinger@SLINKY.CS.NYU.EDU                                          Tim Klinger
Koen.Versmissen@let.ruu.nl                                     Koen Versmissen
kojima@taikan.c.u-tokyo.ac.jp                                    Takuya Kojima
kosakd@alleg.EDU                                                   David Kosak
KRAMER@RCL.WAU.NL                                               Mark R. Kramer
KREMPEL@stpc.wi.leidenuniv.nl                                       Mastermind
krynos@LLC.org                                                  Robert Pouliot
ksackett@uahcs2.cs.uah.edu                                        Karl Sackett
kscle00@taisun1.taiu.edu                               Edwards Christophe Lynn
kseredyn@gpu.srv.ualberta.ca                                Kathryn Seredynski
kuehn02@wharton.upenn.edu                                        MICHAEL KUEHN
kym@joel.empire.com.au                                            Kym Oberauer
lauzon@cs.wisc.edu                                                Shawn Lauzon
lcasto@cis.ohio-state.edu                                      lawanna j casto
lchee@explorer.csc.com                                           Lawrence Chee
lea@hestia.demon.co.uk                                               Lea Crowe
leefi@microsoft.com
leguern@Email.ENST.Fr                                         Frederic Leguern
lei@aruba.ccit.arizona.edu                                             Lei Jin
leo@miranda.studio.sgi.com                                           Leo Blume
list-votes@dream.hb.north.de                                  Martin Schr"oder
llucky@crl.com                                                     Bob Thomson
lphelan@uow.edu.au                                                 Liam Phelan
ltran@ssd.k12.wa.us                                                   Lam Tran
lundgren@polaris.unm.edu                                         Chad Lundgren
lutz@as-node.jena.thur.de                                     Lutz Donnerhacke
magesage@infinet.com                                            Mark Middleton
mahoney@cs.utexas.edu                                          J. Jeff Mahoney
malcolmt@macadam.mpce.mq.edu.au                             Malcolm Tredinnick
manmak@athena.compulink.forthnet.gr                      Dimitrios Sfakianakis
Marc.Corsini@labri.u-bordeaux.fr                           Marc-Michel CORSINI
marduk@netcom.com                                                    Matt Kuhn
markd@cc.gatech.edu                                               Mark Devaney
mars@eleet.mimuw.edu.pl                                         Marek Soczowka
Martijn.Faassen@phil.ruu.nl                                    Martijn Faassen
martiny@innovia.ping.dk                                          Steen Martiny
MATTDM@CEDAR.GOSHEN.EDU                                            Matt Miller
matw@halcyon.com                                              Mathew D. Watson
max@alcyone.darkside.com                                      Erik Max Francis
mcoletti@resdgw17.er.usgs.gov                                     Mark Coletti
mdp3@PO8.RV.unisys.com                          Pelarski, Michael D       [RV]
meggs@virginia.edu                                                 Meg Andrews
meissner@PARK.BU.EDU
mek@acs.bu.edu                                                    Mark E. Kern
mhatz@raven.phs.com                                                  Mike Hatz
mhommel@trumpet.aix.calpoly.edu
mhull@bfsec.bt.co.uk                                               Martin Hull
Michael_Beck@mindlink.bc.ca                                       Michael Beck
MikeAt1140@aol.com
mikemo@aisb.ed.ac.uk
mikepake@cogsci.edinburgh.ac.uk                                      Mike Pake
min0130@tam2000.tamu.edu                                           Matt Nelsen
mitch@manta.nosc.mil                                              Ray Mitchell
mkent@emf.net                                                       Marty Kent
mlev@techunix.technion.ac.il                                       Makhlis Lev
mmarin@pcs.MV-oc.Unisys.COM                                         Mike Marin
mohamed@laugh.demon.co.uk                        Mohamed Nurmohamed a.k.a. Mo!
molivier@smedley.studio.sgi.com                                Michael Olivier
molnark@msmail.iqsoft.hu                                        Molnar Katalin
morgan1@Synopsys.COM                                               Myke Morgan
mrizzo@devnull.mpd.tandem.com                                 Michael F. Rizzo
mrstampe@mailbox.syr.edu                                   Marjorie R. Stamper
msaxer@u.washington.edu                                      Martin 'Ni' Saxer
mst@vexpert.dbai.tuwien.ac.at                                 Markus Stumptner
mueller@inf.ethz.ch                                             Martin Mueller
mustafa@cig.mot.com                                           Gamal H. Mustafa
NARAHT@DRYCAS.CLUB.CC.CMU.EDU                                     Randy Finder
nathan@bwh.harvard.edu                                             Nathan Mehl
neil@bedford.progress.COM                                       Neil Galarneau
neilb@khoros.unm.edu
neuroman@panix.com                                                       Neuro
nick@inferno.fc.hp.com                                          Nick Ingegneri
Nicolas.Graner@lri.fr
ogush@hpcesra.ce.hp.com
Olaf.Laczak@Helsinki.FI                                            Olaf Laczak
P.Hannah@cqu.edu.au                                                Paul Hannah
palo@softec.sk                                                     Palo Bartos
parker@cs.utexas.edu                                         Bryan King Parker
pbano@idsia.ch                                                      Paolo Bano
pdgray@undergrad.math.uwaterloo.ca                               Peter D. Gray
pe26+@andrew.cmu.edu                                               Peter Evans
pellinik@HIRAMF.hiram.edu                                       Kelley Pellini
peso@diku.dk                                                   Peer Sommerlund
peter@rand.org                                         Peter Claus Noehrenberg
petm@CSUA.Berkeley.EDU                                            Peter Mattis
pfeifer@ares.informatik.uni-ulm.de                              Holger Pfeifer
pgoudswa@cln.etc.bc.ca                                        Peter Goudswaard
philip@skdad.usask.ca                                               Tim Philip
philip@storcomp.demon.co.uk                                          Phil Hunt
pmmaidor@barrow.uwaterloo.ca                                   Patrick Maidorn
pr-nilss@dsv.su.se                                               Peter Nilsson
propp@uswest.com                                                    Mark Propp
ptbast@owl.WPI.EDU                                                Pete Bastien
QualitasTS@aol.com
R.J.Randall@durham.ac.uk                                           R J Randall
R.J.Wilderspin@herts.ac.uk
raab@adam.cs.TU-Magdeburg.DE                                      Andreas Raab
radrayer@panix.com                                              Rebecca Drayer
ralf@ark.franken.de                                            Ralf W. Stephan
rbk@icbl.heriot-watt.ac.uk                                       Richard Kirby
rbois@gre.ulaval.ca                                               Richard Bois
rbrewer@psu.edu                                               Robert W. Brewer
Rcazabon@aol.com
rdubbs@texas.net                                            Roger B. Dubbs III
reaper@u.washington.edu                                         M. Flannery II
reed@banshee.cb.cshl.org                                          Corprew Reed
rendell@bruce.cs.monash.edu.au                            Robert Paige Rendell
rick@bcm.tmc.edu                                             Richard H. Miller
riddle@netcom.com                                          Dan Riddell-Kaufman
rinaldo@fnrin1.fnal.gov
rjones@xmission.com                                                  Ray Jones
rlb@lavalite.studio.sgi.com                                          Bob Brown
robc@bigb.stortek.com                                        Rob Creager x2365
RogerK@po.wonderware.com                                          Roger Knobbe
rogers@sol.instrumental.com                                         Bob Rogers
rogue@telerama.lm.com                                                    Rogue
rootham@cs.toronto.edu                                           James Rootham
roy@acasun.eckerd.edu                                             Jonathan Roy
rozows79@aries.cs.newpaltz.edu                                    Ray Rozowski
rrognlie@netcom.com                                            Richard Rognlie
rshea@netcom.com                                                           rex
rtfm@cyberspace.com                                                  Dan Thies
rudyc@magnet.com                                                  Rudy Cazabon
rufinus@dxcern.cern.ch                                              J. Rufinus
rwebb@panix.com                                                   Russell Webb
rws@cs.duke.edu                                                Ronnie W. Smith
s2119737@cse.unsw.edu.au                            Malcolm Ross Kinsella Ryan
samuelp@aisb.ed.ac.uk                                              Samuel Penn
sanduku@nervm.nerdc.ufl.edu                                           Paul Box
sasi@saathi.ncst.ernet.in                                          Sasikumar M
sbolt@olie.wvitcoe.wvnet.edu                                         Sean Bolt
schult@psychologie.uni-freiburg.de                            Thomas J. Schult
schwartz@cig.mot.com                                        Steven R. Schwartz
scotty.logan@computing-services.oxford.ac.uk                      Scotty Logan
scriabin@io.org                                                      John Moir
shakti@daimi.aau.dk                                      Claus L{gel Rasmussen
shaun@cocky.prospect.anprod.csiro.au                               Shaun Green
shaunc@faceplant.gvg.TEK.COM                                        The Grinch
sheppard@blaze.cs.jhu.edu                                        John Sheppard
shodsdon@leotech.MV.COM                                          Steve Hodsdon
shrdlu@earthlink.net
si312632@ci.uminho.pt                                    Luis Pedro P.Carvalho
sigaud@etca.fr                                                  Olivier Sigaud
sje@mv.MV.COM                                                Steven J. Edwards
sky@CSUA.Berkeley.EDU                                              Skyler King
slh100@tmphost.york.ac.uk                                     Shawn Hargreaves
smauce01@barney.poly.edu                                        Steven Mauceri
smilne@chat.carleton.ca                                            Scott Milne
smith@CS.ColoState.EDU                                           stephen smith
smithmierjr@uamont.edu                                 Lawrence Smithmier, Jr.
smt@xedoc.com.au                                                  Steve Taylor
sokoloff@mv.MV.COM                                                Jim Sokoloff
sszabo@vaxc.stevens-tech.edu                                     Stephan Szabo
Stephane.Bura@laforia.ibp.fr                  =?iso-8859-1?Q?St=E9phane?= Bura
Stephen.Flinter@cs.tcd.ie                                      Stephen Flinter
stephens@solartron.com                                    Edmund Stephen-Smith
stig@pvv.unit.no                                                   Stig Hemmer
sungur@rorqual.cc.metu.edu.tr                                      mert sungur
SUSSMAN@envmsa.eas.asu.edu
sward+@CMU.EDU                                               David Reeve Sward
tamasa@tukki.jyu.fi                                       Markus Samuli Takala
telford@threetek.DIALix.oz.au                                   Telford Tendys
Thomas.Granvold@Eng.Sun.COM                                       Tom Granvold
timin@netcom.com                                             Mitchell E. Timin
tom@mvision.com                                                  Tom Ritchford
toms@intermec.com                                              Tom Sweet x2778
TONY@MERLIN.COBB.ZIFF.COM                                           Tony Ennis
tsa@Tudor.Com                                              Thomas Anantharaman
tsikes@netcom.com                                                  Terry Sikes
tuc@idp.dk                                          Thomas Ulrich Christiansen
Tuscadero@aol.com
tza@u.washington.edu                                             Teresa Alcock
u01ams@aberdeen.ac.uk
U31902@UICVM.CC.UIC.EDU
uiterwyk@cs.rulimburg.nl                                         Jos Uiterwijk
val@cs.weber.edu                                                 Val Kartchner
vanderli@aquila.rm.fccc.edu                                Michel van der List
verch@cedar.buffalo.edu                                            Jason Verch
victor@cs.vu.nl
villalon@crl.com                                                Craig Villalon
vom@phlim.ph.kcl.ac.uk                             Gregor Vom Scheidt Phys MSc
ward@cis.ohio-state.edu                                           jeffrey ward
WEBERD%VAXEN@SEMATECH.Org
wildgoos@cs.bris.ac.uk
william@carsinfo.com                                            William Harris
Wim.Verhaegen@esat.kuleuven.ac.be                                Wim Verhaegen
witzany@ux1.cso.uiuc.edu                                         David Witzany
wjf@iex.com                                                    Jesse Furqueron
wms@SSD.intel.com                                           William M. Shubert
wms@world.std.com                                               Warner M Smith
wyrth@uni-paderborn.de                                           Dirk Freykamp
y-pisan@nwu.edu                                                    Yusuf Pisan
y-tony@acs.bu.edu
yadallee@DoctOr.ampr.ab.ca                               Dave Shariff Yadallee
yep@cis.ohio-state.edu                                   Christopher David Yep
zbaker@osiris.ac.hmc.edu                                            Zach Baker
zongker@cps.msu.edu

Voted No
------------------------------------------------------------------------------
alavizad@sas.upenn.edu                                      Seyed A Alavizadeh
archer@frmug.fr.net                                             Vincent Archer
Bernad.Batinic@psychol.uni-giessen.de                           Bernad Batinic
brianvdb@netcom.com                                       Brian Van Den Broeke
Christer.Ericson@cs.umu.se
cward@Think.COM                                               Christopher Ward
patrick@jolt.mpx.com.au                                       Patrick McDonald
smarry@turing.toronto.edu                                         Smarasderagd
stainles@bga.com                                                  Dwight Brown
Sven.Koenig@A.GP.CS.CMU.EDU
tusk@daimi.aau.dk                                       Martin M|ller Pedersen
u940387@daimi.aau.dk                                    Lars Rosenberg Nielsen
xopamondo@shoreline.ca                                               Xopamondo

Abstained
------------------------------------------------------------------------------
mmt@RedBrick.COM                                          M Mike Taksar KC6ZPS
otto@vaxb.acs.unt.edu                             M. "AI posing as human" Otto


Votes in error
------------------------------------------------------------------------------
david@sternlight.com                                          David Sternlight
   ! No vote statement in message
root@delta.netusa.net                                Network Internet Services
   ! Invalid address


