From rdippold@qualcomm.com Fri Jul 22 18:53:59 EDT 1994
Article: 23379 of comp.ai
Xref: glinda.oz.cs.cmu.edu news.announce.newgroups:5089 news.groups:108763 comp.ai.genetic:3514 comp.theory.cell-automata:2829 sci.bio:21174 sci.bio.evolution:1668 comp.ai:23379 comp.theory.self-org-sys:641
Path: honeydew.srv.cs.cmu.edu!nntp.club.cc.cmu.edu!miner.usbm.gov!rsg1.er.usgs.gov!jobone!newsxfer.itd.umich.edu!gatech!howland.reston.ans.net!swrinde!news.dell.com!tadpole.com!uunet!bounce-back
From: rdippold@qualcomm.com (Ron "Asbestos" Dippold)
Newsgroups: news.announce.newgroups,news.groups,comp.ai.genetic,comp.theory.cell-automata,bionet.biology.computational,sci.bio,sci.bio.evolution,comp.ai,comp.theory.self-org-sys
Subject: RESULT: comp.ai.alife passes 615:23
Supersedes: <comp.ai.alife-CFV2@uunet.uu.net>
Followup-To: news.groups
Date: 21 Jul 1994 17:31:20 -0400
Organization: Usenet Volunteer Votetakers
Lines: 701
Sender: tale@uunet.uu.net
Approved: tale@uunet.uu.net
Message-ID: <comp.ai.alife-RESULT@uunet.uu.net>
References: <comp.ai.alife-RFD1@uunet.uu.net> <comp.ai.alife-CFV1@uunet.uu.net> <comp.ai.alife-CFV2@uunet.uu.net>
NNTP-Posting-Host: rodan.uu.net

                               RESULT
	    unmoderated group comp.ai.alife passes 615:23

There were 615 YES votes and 23 NO votes, for a total of 638 valid votes. 
There was 1 abstain and 2 invalid ballots.

For group passage, YES votes must be at least 2/3 of all valid (YES and NO)
votes.   There also must be at least 100 more YES votes than NO votes. 

There is a five day discussion period after these results are posted.  If no
serious allegations of voting irregularities are raised, the moderator of
news.announce.newgroups will create the group shortly thereafter.


Newsgroups line:
comp.ai.alife   Methodology and announcements for research in Artificial Life.

This vote is being conducted by a neutral third party.  For voting
questions only contact rdippold@qualcomm.com.  For questions about the
proposed group contact C. Titus Brown <brown@reed.edu>.


CHARTER (Proponent)

Artificial Life is the study of artificial living systems and their constituent
entities.  Topics for discussion in the newsgroup will include,
but not be limited to:

- optimization techniques (such as genetic algorithms) and modelling algorithms
- the definition of a living system and "Life"
- self-organizing systems
- the origin of life
- evolutionary learning
- the development of ecosystems
- complex system dynamics (with specific relation to living systems)
- book and software reviews (non-commercial advertisements, as well)

The need for a newsgroup devoted to the expanding field of Artificial Life
is apparent.  This newsgroup will serve to allow diverse groups of Artificial
Life researchers from around the world to make announcements and discuss
ongoing research with other researchers.  It will also help serve as a central
archive for information on FTP and WWW sites and topical e-mail lists.


comp.ai.alife Final Vote Ack

Voted Yes
------------------------------------------------------------------------------
75020653@vax1.dcu.ie                                                          
8841mhill@umbsky.cc.umb.edu                                                   
A.J.Hirst@open.ac.uk                                    A.J.Hirst (Tony Hirst)
A.J.Swann@csc.liv.ac.uk                                             A.J. Swann
abbott@antares.aero.org                                                       
ABELL@macc.wisc.edu                                                Ann M. Bell
adami@altair.krl.caltech.edu                                       Chris Adami
adc@sanwaBGK.COM                                                  Alan Cabrera
adler@romlus.mko.dec.com                                            Mark Adler
adrian@ccnet.up.ac.za                                            Adrian Thorne
aflaloc@bgumail.bgu.ac.il                                        Claude Aflalo
agr@WordDancer.ca                                               George Ritchie
aiteld@rpi.edu                                                David A.Z. Aitel
akilgour@Thinkage.On.CA                                          Anita Kilgour
allison@shasta.Stanford.EDU                                     Dennis Allison
almassy@ifi.unizh.ch                                          Nikolaus Almassy
altenbur@plains.NoDak.edu                                       Karl Altenburg
aminai@thor.ece.uc.edu                                               Ali Minai
andre@hurricane.seas.ucla.edu                                                 
andrewbl@central.sussex.ac.uk                                     Andrew Block
ann@goshawk.lanl.gov                                               Ann Stanley
ao950@freenet.carleton.ca                                      Paul Derbyshire
archi@cs.tu-berlin.de                                            Ralf Herrmann
arenberg@etdesg.trw.com                                        Edward Arenberg
arnold@jupiter.informatik.uni-dortmund.de                          Dirk Arnold
aro@aber.ac.uk                                                   Andrew Ormsby
arras@forwiss.uni-erlangen.de                                       Mike Arras
Arthur.Chance@Smallworld.co.uk                                   Arthur Chance
arthurc@crl.com                                                Arthur Chandler
arturo@biophysics.bio.rpi.edu                                Arturo J. Morales
av574@freenet.carleton.ca                                          Tim Sallans
aws@dfki.uni-sb.de                                           Achim W. Schupeta
aynuhss@u.washington.edu                                                 study
azi@crl.com                                                        Bill Pappas
baerloch@di.epfl.ch                                           Paolo Baerlocher
bajwa@guardian.cse.psu.edu                                    Raminder S Bajwa
BALLING@mail.firn.edu                           Greg J. Ballinger 305-237-2879
batali@cogsci.UCSD.EDU                                             John Batali
bb1@hlwpd.att.com                                                             
bborges@sfu.ca                                                 Bernhard Borges
beaudot@tirf.inpg.fr                                           William Beaudot
behrmann@wagner.psc.edu                                        Joseph Behrmann
ben@chinook.uoregon.edu                                           Ben Marcotte
bernhard.gleich@student.uni-ulm.de                                            
bidebets@cs.few.eur.nl                                           Steven Debets
bill@dee.uc.pt                                                      Bill Smart
Bill_Kraus@taligent.com                                             Bill Kraus
binesh@panix.com                                              Binesh Bannerjee
bioengr@scs.ag.gov                                           Dennis E. Miyoshi
bjorne@ida.his.se                                                 Bjorn Olsson
bjv@herbison.com                                                 B.J. Herbison
BJ_Allan@UManitoba.ca                                             Robert Allan
bkeeley@UCSD.EDU                                                  Brian Keeley
bks@santafe.edu                                                               
blin@socs.uts.EDU.AU                                              Benjamin Lin
blyon@wbst845e.xerox.com                                            Bruce Lyon
boers@WI.leidenuniv.nl                                       Egbert J.W. Boers
bollini@ipvvis.UNIPV.IT                                     Alessandro Bollini
bonnev@lisisun.univ-lyon1.fr                                Jacques BONNEVILLE
boris.strongin@VKN.VARIAN.COM                                        Ext. 5346
bouvin@daimi.aau.dk                                          Niels Olof Bouvin
bpvanstr@yoho.uwaterloo.ca                                  Brian Van Straalen
brensham@laforia.ibp.fr                                       TZAFESTAS Elpida
brian@bert.chem.wsu.edu                                          Brian W. Beck
brian@fs09.webo.dg.com                                            Brian Martin
brianf@salus.med.uvm.edu                                           Brian Foley
britt@tigercat.den.mmc.com                                           Dan Britt
bruce@cs.uchicago.edu                                                         
bschlesi@sciences.SDSU.Edu                                     Bob Schlesinger
Buckaroo.Banzai@usask.ca                                     Darren Widenmaier
buff@io.org                                                     William Denton
bura@laforia.ibp.fr                                  BURA Stephane 40 24 27 59
BUSHBO@HIRAMB.HIRAM.EDU                         Brian O. Bush, deus ex machina
bwallet@taz.nswc.navy.mil                                          Brad Wallet
bwr@lassp.cornell.edu                                          Bruce W Roberts
Byoung-Tak.Zhang@gmd.de                                       Byoung-Tak Zhang
camann@pick.uga.edu                                                mike camann
CANPON@pandora.bre.orst.edu                                                   
cardo@CS.UCLA.EDU                                                   Ric Crabbe
carlos@translell.tutkie.tut.ac.jp                            Carlos Del Carpio
cavie!@hp4at.eunet.co.at:jo                                                   
cbaray@euclid.ucsd.edu                                         Cristobal Baray
ccw@agate.cs.virginia.edu                                                     
cdenoble@whale.st.usm.edu                                         Rick Denoble
cdfk@hplb.hpl.hp.com                                           Caroline Knight
cdpyhtil@mtu.edu                                                 Chris Pyhtila
cfry@cogsci.UCSD.EDU                                           Christopher Fry
cfwpm@eiu.edu                                                      Bill McGown
cgp@marsh.cacs.usl.edu                                   Christopher G. Prince
chance@wetware.sps.mot.com                                       Chance Harris
chancw@singnet.com.sg                                     Chan Chi Wei Cliburn
chappy@cis.ksu.edu                                           Douglas R Chapman
charles@insti.physics.sunysb.edu                                 Charles Ofria
cheepa@essex.ac.uk                                               Cheeseman P C
cheryl@santafe.edu                                                            
chharris@u.washington.edu                                         The Only Cow
Chris.Zimmermann@cs.tcd.ie                                    Chris Zimmermann
chris@porsche.visix.COM                                             Chris Cole
chrismac@ethics.ubc.ca                                      Chris J. MacDonald
cjtwigt@cs.vu.nl                                                      Twigt CJ
cl@GOEDEL.UNI-MUENSTER.DE                                       Achim Clausing
clark@cpd125.cpd.ford.com                                         Andrew Clark
clifton@cs.uh.edu                                             Clifton B. Davis
cloose@AWI-Bremerhaven.DE                                        Carsten Loose
CMJohnson@aol.com                                                             
cocteau@netcom.com                                                     cocteau
combee@prism.gatech.edu                                     Benjamin L. Combee
congdon@eecs.umich.edu                                     Clare Bates Congdon
corwin@zfn.uni-bremen.de                                 Christian Schlittchen
cris@leland.Stanford.EDU                                      Cristopher Niell
cs031053@cs.brown.edu                                                 Jane Lui
cs0ral@isis.sunderland.ac.uk                                            r.aler
cscott@netcom.com                                              Curtis A. Scott
cvitan@srce20.srce.hr                                              Maro Cvitan
cwlai@hgrd01.enet.dec.com                       Lai Chun Wai  15-Jul-1994 1008
cwp@hplb.hpl.hp.com                                                           
cwturner@cycom.demon.co.uk                          Christopher William Turner
CZSU@MUSICA.MCGILL.CA                                                  CZSU000
D.J.E.Nunn@durham.ac.uk                                             D.J.E.Nunn
daida@engin.umich.edu                                        Jason Masao Daida
dalek@oak.canberra.edu.au                                         Dale Kleeman
dalley@netcom.com                                                 Kevin Dalley
Daniel.L.Burgess@um.cc.umich.edu                                              
danwell@iastate.edu    Chriswell Ashlock, Assoc. Prof. Gen. Ed.$Exxon Chair, U
david.neal@roche.com                                        Dave Neal ext 6020
david@david.demon.co.uk                                     David S. Robertson
davidmc@cpsc.ucalgary.ca                                       David Mcfadzean
davidp@otter.cs.yorku.ca                                       S DAVID PULLARA
dblake@neural.hampshire.edu                                       Duncan Blake
dburke@netcom.com                                                 Donald Burke
dcez!mayberry@dcez.com    Brian@dcez.com, Dale@dcez.com, Mayberry@dcez.com,   
dcl@panix.com                                                    David Lambert
dconner@clark.net                                                 David Conner
dcsch@ccs.neu.edu                                            Dale C. Schneider
dddrysda%kauri01@kauri01.uts.edu.au     d.drysdale-acacia-ele-student-89424377
dduane@fame.gmu.edu                                          Darrell Duane Jr.
de5@de5.CTD.ORNL.GOV                                                 Dave Sill
dedeos@MIT.EDU                                                                
deguchi@glocom.ac.jp                                                          
deid0049@rz.uni-hildesheim.de                                       Dirk Eiden
deitch@netcom.com                                                Ken Deitchman
dellaert@alpha.CES.CWRU.Edu                                     Frank Dellaert
denryan@netcom.com                                                 semper idem
derijkp@reks.uia.ac.be                                            Peter.DeRijk
dfaulkne@LightStream.COM                                         Dave Faulkner
dglo@manray.CS.Berkeley.EDU                                      Dave Glowacki
dhl@netcom.com                                                  David H. Lloyd
DIACOPO@delphi.com                                                            
Didier.Puzenat@lip.ens-lyon.fr                                  Didier Puzenat
dmaltarolli%sec21@ax.apc.org                                 DANIEL MALTAROLLI
dnk@aaii.oz.au                                                     David Kinny
dnor01@cs.aukuni.ac.nz                                    David Hikaru  Norman
dobrow@cam.nist.gov                                 Robert Dobrow 301-975-3567
donb@atl.com                                                                  
dorigo@elet.polimi.it                                             Marco Dorigo
doshay@neuron.arc.nasa.gov                                        David Doshay
doyal@cedar.cic.net                                      Doyal J. McVicker Jr.
dpdp19801@ggr.co.uk                                              Daniel Piponi
drew_clark@BIX.com                                                            
drlopez@ocelote.cica.es                                         Diego R. López
drogoul@laforia.ibp.fr                              Drogoul Alexis 42.28.96.38
dseal@armltd.co.uk                                                  David Seal
dtc@stan.xx.swin.OZ.AU                                         Douglas Crosher
dtinker@utcc.utoronto.ca                                          David Tinker
dtw@vitruvius.arbld.unimelb.edu.au                                 David Worth
dubreuil@laforia.ibp.fr                        DUBREUIL Christophe 45.47.49.73
duncan@loris.cisab.indiana.edu                                     Shan Duncan
duvivier@lifl.fr                                                              
dwp@VEGA.FAC.CS.CMU.EDU                                                       
e9116@aist.go.jp                                                              
ed@EFKPORT.KEW.COM                                             Edward F. Keith
edy@cs.siu.edu                                                                
elecjw@ccu1.auckland.ac.nz                                        Chris Waters
elman@crl.ucsd.edu                                                  Jeff Elman
emm@busch.bauwesen.uni-dortmund.de                              Heike Emmerich
en269@cleveland.Freenet.Edu                                  Julie K. Stahlhut
enriquef@aisb.ed.ac.uk                                   Enrique Filloy-Garcia
Eric_Cahoon_at_S00601@mail.amsinc.com                                         
etter@umbsky.cc.umb.edu                                                       
Ezra=Van=Everbroeck%users%LW@cc3.kuleuven.ac.be                               
fabinho@topazio.dcc.ufmg.br                               Fabiano Cruz Peixoto
fabrizio@sarin.it                                        Fabrizio Bartolomucci
FACIL@monoc.tamu.edu                         Rosemarie Swanson rosmar@tamu.edu
Ferenc.Meszaros@ydi.vtt.fi                                   Me'sza'ros Ferenc
fil@cs.ucsd.edu                                                Filippo Menczer
finleyd@ukelele.GCR.COM                                           David Finley
FISCHER@alf1.ngate.uni-regensburg.de                     Markus Fischer (2795)
flynn@maya.dei.unipd.it                                   Salvatore A. Colomba
fmr@crl.ucsd.edu                                              Martin Redington
fogel@ece.UCSD.EDU                                                       Fogel
frampton@access.digex.net                                  -- Adam Frampton --
frank@shop.internet.net                                          Frank Boosman
freytag@seas.gwu.edu                                           Richard Freytag
fukunaga@CS.UCLA.EDU                                             Alex Fukunaga
GaLlif!yadallee@ERsys.EDmonTON.Ab.cA                     Dave Shariff Yadallee
gallivan@aries.scs.uiuc.edu                                    Justin Gallivan
gboggess@CS.MsState.Edu                                           Gene Boggess
gdignard@noc.tor.hookup.net                                     Gilles Dignard
gdj@netcom.com                                                      Gary Jones
gdyson@henson.cc.wwu.edu                                          George Dyson
george@adiva.com@adiva.com                                      George Pearson
Gerard.Lacey@cs.tcd.ie                                            Gerard Lacey
ghernan@dim.uchile.cl                                        Gonzalo Hernandez
ghost@powergrid.electriciti.com                                        tashina
giancola@cs.unm.edu                                                           
gilbertd@cs.man.ac.uk                                       David Alan Gilbert
gintis@econs.umass.edu                                          Herbert Gintis
gjb@evolving.com                                                 Gregory Bloom
glinden@cs.washington.edu                                          Greg Linden
godfrey2@rowan.coventry.ac.uk                                     Bill Godfrey
goldenjb@ctrvax.Vanderbilt.Edu                                      jim golden
gollum@two-oo-one.fr                                                          
graham@essex.ac.uk                                                  Clarke G S
granat@iao.ford.com                                               Kevan Granat
grant@Manticore.COM                                            Grant J. Munsey
greig@oci.utoronto.ca                                         David Iain Greig
gt0540b@prism.gatech.edu                                    Andrew J. Scholand
guycole@netcom.com                                                    Guy Cole
gverhaar@baan.nl                                                Gerrit Verhaar
gwilliam@mrc-crc.ac.uk                                     Gary Williams x3294
gwydion@gnu.ai.mit.edu                                                        
hank@saalpha.sa.BoM.GOV.AU                                         Hank de Wit
hansk@aie.nl                                                       Hans Kinwel
harish@enme.ucalgary.ca                                       Anandarao Harish
harrko@essex.ac.uk                                                 Harries K A
hartley@kong.gsfc.nasa.gov                                    Jonathan Hartley
hartman@ulogic.com                                                            
heck@cmgm.stanford.edu                                             Stefan Heck
Heikki.Lehvaslaiho@Helsinki.FI                                                
heilmayr@math.berkeley.edu                                               Klaus
heini@fishkopp.in-berlin.de                                        Thomas Hein
heitkoet@lusty.informatik.uni-dortmund.de                    Joerg Heitkoetter
hemmi@hip.atr.co.jp                                              Hemmi Hitoshi
hessel@mibm.ruf.uni-freiburg.de                                  Holger Hessel
hiebeler@santafe.edu                                                          
Hilary@aol.com                                                                
hjm@muc.de                                                Hans-Joachim Metzger
hnakahar@cogsci.UCSD.EDU                                     Hiroyuki Nakahara
holland@paloma.lanl.gov                                            Joe Holland
hoshino@kz.tsukuba.ac.jp                                       Tsutomu Hoshino
hughes@napa.eng.uop.edu                                             Ken Hughes
hulthage@torsk.usc.edu                                        Ingemar Hulthage
Hunter@ncbi.nlm.nih.gov                                           Larry Hunter
hurd@math.gatech.edu                                                Lyman Hurd
huston@csb.varian.com                                                         
iec93131@emailhost.ait.ac.th                                         San Myint
iheedua!vmb@relay.NL.net                                        Vladan Babovic
imrey@virtu.sar.usf.edu                                              Lee Imrey
injacho@wam.umd.edu                                                  In-ja Cho
inman@ceti.csustan.edu                                           Russell Inman
inmanh@cogs.susx.ac.uk                                            Inman Harvey
ioda@fhl.fujitsu.co.jp                                               Izumi Oda
IS30224@rivendell.otago.ac.nz                                                 
J.J.M.RIETHOVEN@AB.AGRO.NL                                 L, (+31) 8370-75962
james_mcgurk@Merck.Com                                            James Mcgurk
jarh@praxis.co.uk                                             Jonathan Hammond
jasons@cs.unm.edu                                                             
jbarnett@Glue.umd.edu                                          John D. Barnett
jberkshi@ai.uga.edu                                   John M. Berkshire [MSAI]
jcargill@cs.wisc.edu                                              Jon Cargille
jdassen@sthp.wi.LeidenUniv.NL                                     J.H.M.Dassen
jefu@prism.nmt.edu                                                 Jeff Putnam
Jerald.Maiers@mixcom.mixcom.com                                  Jerald Maiers
jerry.snowhite@nycps.nycenet.edu                                              
jfernand@bt-sys.bt.co.uk                 Jose Luis Fernandez-Villacanas Martin
jfg@hplb.hpl.hp.com                                           Jonathan Griffin
jfitz@rain.com                                             John K. Fitzpatrick
jford@ruacad.ac.runet.edu                                                     
jfortt@dorsai.dorsai.org                                          Joseph Fortt
jggoslin@Vela.ACS.Oakland.Edu                                         Monument
jgibbs@unf6.cis.unf.edu                                            Jesse Gibbs
jgp7478@cs.rit.edu                                               John G Powers
JHOWELL@DESIRE.WRIGHT.EDU                                                     
jhyu@paradise.kaist.ac.kr                                        Ryu Joo Hyeon
JIMBUF@vms.ucc.okstate.edu                                                    
jimenez@cica.es                                              Francisco Jimenez
jimj@eecs.umich.edu                                                 Jim Jewett
jiml@teleport.com                                                   Jim Little
jims@globalvillag.com                                               Jim Straus
JKORRUBE@zoo.uct.ac.za                                         Jan L. Korrubel
jlayland@grissom.jpl.nasa.gov                                    James Layland
jlb@hplb.hpl.hp.com                                               Janet Bruten
jlh@fct.unl.pt                                          Jose Luis G. Henriques
jlr%rxvlab.dnet@sb.com                                       Jean-Louis Ruelle
jmdaluz@kquest.com                                               Jose M. daLuz
jmerelo@kal-el.ugr.es                                      J.J. Merelo Guervos
jmlake@lees.cogsci.uiuc.edu                                          Mike Lake
jnoble@laurel.ocs.mq.edu.au                                        Jason Noble
jo@ae.keio.ac.jp                                             Joachim Baczewski
Joe@vantage.demon.co.uk                                          Joe Pritchard
john.wilkins@udev.monash.edu.au              John Wilkins, Manager, Publishing
john@aifh.ed.ac.uk                                                            
john@harlequin.co.uk                                               John Sturdy
jonathan@babylon.montreal.qc.ca                            Jonathan M. Paetkau
jonc@PARK.BU.EDU                                                 Jonathan Chey
jonesa@cs.man.ac.uk                                       A Rhys Jones(PG AJW)
jpe@metronet.com                                                 Jesse Ephraim
jpl@baobab.jouy.inra.fr                                        Jean Pierre Ley
jradford@dna.metronet.com                                         John Radford
jregehr@ksu.ksu.edu                                          John David Regehr
jrieve@uncc.edu                                                    James Rieve
jrmorris@iastate.edu                                                          
jsb@telerama.lm.com                                                           
jsecord@uoguelph.ca                                            Jennifer Secord
jskipper@wk06.copenhagen.NCR.COM                                 Jakob Skipper
jweber@cs.Buffalo.EDU                                             John A Weber
k@nn.csse.yamaguchi-u.ac.jp                                 Kunikazu Kobayashi
Kamil.Targosz@barra.com                                                       
kay@lucie.wupper.de                                               Kay Hamacher
kazu@MIT.EDU                                                 Kazuhiro M. Saito
kdemonn@Vela.ACS.Oakland.Edu                              Kenneth Jubal DeMonn
keijzer@phil.ruu.nl                                            Maarten Keijzer
keirsey@aic.hrl.hac.com                                                       
keller@muddcs.cs.hmc.edu                                      Robert M. Keller
kelley@cis.uab.edu                                                Scott Kelley
ken@minster.york.ac.uk                                                        
ken@music.gla.ac.uk                                           Dr." Ken Sharman
Kennedy_Jim.OCSP@cmail.bls.gov                                                
kerce@dirac.scri.fsu.edu                                        Kingsley Kerce
Kerstin.Dautenhahn@gmdzi.gmd.de                             Kerstin Dautenhahn
kfredrik@cc.helsinki.fi                                  Kimmo K K Fredriksson
KHF04022@niftyserve.or.jp           =?ISO-2022-JP?B?GyRARiM4NiEhSVI5QBsoSg==?=
khw2x@weyl.math.virginia.edu                                             kevie
kilmand@acl.lanl.gov                                           David G. Kilman
kinnear@adapt.com                                                             
kmc@netcom.com                                                   Kevin McCarty
kmoloney@iastate.edu                                                          
kojima@vermeer.c.u-tokyo.ac.jp                                   Takuya Kojima
ksackett@nyx.cs.du.edu                                            karl sackett
ksc@razorfish.es.hac.com                                  Kenneth Cho 334-7381
kurt@Think.COM                                                  Kurt Thearling
kwebb@carina.unm.edu                                              Kyle L. Webb
kwh@cs.brown.edu                                                      Kwun Han
L15D@ZFN.UNI-BREMEN.DE                                        Martin Schroeder
labsite!rayme@nextsrv1.andi.org                                 Rayme Jernigan
lapointe@balin.uthscsa.edu                                      David Lapointe
larrys@io.com                                                      Larry Smith
larryy@apple.com                                                  Larry Yaeger
leanne@lingua.cltr.uq.oz.au                                      Leanne Archer
lee@Balmer.gen.u-tokyo.ac.jp                                               Lee
lee@neural.hampshire.edu                                           Lee Spector
leon891@buzzard.csrv.uidaho.edu                                 Jeremy S. Leon
lgardi@irus.rri.uwo.ca                                              Lori Gardi
liberte@cs.uiuc.edu                                                           
Lloyd.Blythen@actrix.gen.nz                                      Lloyd Blythen
lnz@dandelion.com                                           Leonard N. Zubkoff
lorenzi@diogene.univ-lyon2.fr                                                 
Ludo.Pagie@phil.ruu.nl                                              Ludo Pagie
luque@cica.es                                                    Jose J. Luque
M.Chisnall@math.canterbury.ac.nz                                              
m22546@mwunix.mitre.org                                                Sheriff
magni@ien10.to.cnr.it                                                         
majercik@moose.usmcs.maine.edu                                Stephen Majercik
mar@carambola.dcc.ufmg.br                         Marcio Migueletto de Andrade
marc@cmapx.polytechnique.fr                                    Marc Schoenauer
mariusw@ifi.uio.no                                       Marius Ibenhardt Watz
Mark.Kantrowitz@GLINDA.OZ.CS.CMU.EDU                                          
mark@mvision.com                                                  Mark Evenson
mark_a@cix.compulink.co.uk                                       Mark Atkinson
Martin.Deuter@zfe.siemens.de                                     Martin Deuter
Martyn.Amos@dcs.warwick.ac.uk                                      Martyn Amos
matthewt@central.sussex.ac.uk                                   Matthew Taylor
matwood@sunset.cs.utah.edu                                         Mark Atwood
max@alcyone.darkside.com                                      Erik Max Francis
mb@selway.umt.edu                                           Matthew S Burnside
mboudour@aliakmon.cperi.forth.gr                          Moses A. BOUDOURIDES
mbutts@netcom.com                                                   Mike Butts
MC4504@mclink.it                                 Softeam Applic.Ni Di Base Srl
mcbow@callisto.unm.edu                                 michael on bowlingnlvis
MCGREGOR@esv1.aukuni.ac.nz                                                    
mcoletti@resdgw17.er.usgs.gov                                     Mark Coletti
mds@iastate.edu                                                               
mech@eff.org                                                Stanton McCandlish
men@hplb.hpl.hp.com                                                           
mfrutig@fnbc.com                                                   Mark Frutig
mgix@jpn.thomson-di.fr                                        Emmanuel Mogenet
mheim@cogsci.uwo.ca                                           Michael Hiemstra
mic@eros.cs.wayne.edu                                                         
Michael.Strehle@uni-konstanz.de                                Michael Strehle
michaels@aisb.ed.ac.uk                                                        
mickey@saathi.ncst.ernet.in                                     R Chandrasekar
mika.leppinen@ericsson.fi                                        Mika Leppinen
mike@odyssey.ucc.ie                                            Mike McElligott
mikepake@cogsci.edinburgh.ac.uk                                               
mikero@microsoft.com                                             Michael Robin
MikeSummers@cup.portal.com                                                    
miket@world.std.com                                          Michael Trachtman
mike_trogni@il.us.swissbank.com                                    Mike Trogni
milman@zeus.datasrv.co.il                                          AUREC GROUP
mjl@tabitha.demon.co.uk                                        Michael Linyard
MJS14@VMS.BRIGHTON.AC.UK                                                      
mlshew@netcom.com                                               Mark Shewmaker
moeller@informatik.uni-hildesheim.de                           Steffen Moeller
mol@df.lth.se                                                    Magnus Olsson
moshes@math.tau.ac.il                                                         
mparks@crl.com                                                Michael W. Parks
mrandall@av8r.dwc.edu                                             Mark Randall
MREDDY@GENVAX.GLAMORGAN.AC.UK                                                 
mspaulj@olive.mscc.huji.ac.il                                     Paul Jeffrey
MSPUNDSA@ELECOM2.watstar.uwaterloo.ca                    Mark Stephen Pundsack
murao@kobe-u.ac.jp                                                Hajime Murao
mwiik@netcom.com                                                  Michael Wiik
mwr@aplcomm.jhuapl.edu                                         Mike Roth (F1B)
mwtilden@math.uwaterloo.ca                                      Mark W. Tilden
ndbs@planet.bt.co.uk                                                Nick Smith
Neal.Thomison@Central.Sun.COM             Neal Thomison (ASE - Indiana Office)
neal@stat.washington.edu                                             Phil Neal
nelson@santafe.edu                                                Nelson Minar
nfuruse@dna.affrc.go.jp                                        Furuse Nobuhiro
nh001b@uhura.cc.rochester.edu                                         Aardvark
Nigel@develco.demon.co.uk                                       Nigel Phillips
nils@wildcat.dartmouth.edu                                     Nils Nieuwejaar
noel@cc.gatech.edu                                           Noel David Rappin
North_TJ@cc.curtin.edu.au                                                     
nukenin@access.digex.net                                        R. Cliff Young
nv91-asa@nada.kth.se                                           Anders Sandberg
oivind.braathen@basalmed.uio.no                                               
om@alto.unice.fr                                                Olivier.MICHEL
ommatsum@pintado.ciagri.usp.br                             Otavio M. Matsumoto
oppacher@scs.carleton.ca                                                 Franz
p.pratt@ic.ac.uk                                                              
p01314@psilink.com                                               Gene Levinson
p2081658@aix00.csd.unsw.OZ.AU                                     Rodney Berry
palmer@phy.duke.edu                                             Richard Palmer
palo@softec.sk                                                     Palo Bartos
parks@santafe.edu                                                             
Paul.Ferroni@ab.com                                            C. Paul Ferroni
Paul.Sheldon@mixcom.mixcom.com                                    Paul Sheldon
paulmcq@cs.utexas.edu                                           Paul McQuesten
pbe@hplb.hpl.hp.com                                                           
pcm@world.std.com                                            Peter C McCluskey
pdboyer@c3i.saic.com                                             Paul D. Boyer
peb@netcom.com                                                 Paul E. Baclace
pek@dvcr.adelaide.edu.au                                           Peter Kenne
pepe_fernandez1@maczebedee.bt-sys.bt.co.uk                      Pepe Fernandez
petef@praxis.co.uk                                                 Peter Ferne
petek@minster.york.ac.uk                                                      
peter@carrot.mcb.uconn.edu                                                    
peter@xenon.fdn.org                                               Peter Ritter
philipj@cogs.susx.ac.uk                                           Philip Jones
philipp@cs.sfu.ca                                              Philip Peterson
pierre@shell.portal.com                                        Pierre Uszynski
pja1002@cus.cam.ac.uk                                         Philip Armstrong
pja@lfs.loral.com                                            Peter J. Angeline
pjb@delcam.co.uk                                                  Paul Brennan
pjensen1@msmail3.hac.com                                     Jensen, Patrick R
PoffJ@crop.cri.nz                                                Jonathon Poff
polani@Informatik.Mathematik.Uni-Mainz.DE                                     
powella@images.cs.und.ac.za                                        Alan Powell
prm@aber.ac.uk                                                    Pedro Mendes
pshuang@MIT.EDU                                                               
psraf@csv.warwick.ac.uk                                      Richard Loosemore
quinn@phoenix.Princeton.EDU                                   Michael J. Quinn
R.Beloin@cornell.edu                                                Ron Beloin
r.mellish@ic.ac.uk                                                            
R.Sosic@cit.gu.edu.au                                                Rok Sosic
r1plr@dax.cc.uakron.edu                                       Peggy L Richards
radouane.oudrhiri@gsi.fr                                     Radouane Oudrhiri
RAHNJ@VM1.ULAVAL.CA                                                  Joel Rahn
randyr@tyrell.net                                                Randy Rathbun
ranga@iti.gov.sg                                                 Ranganatha S.
ray@elseware.com                                                Ray Beausoleil
rayner@IslandNet.COM                                              Harry Rayner
rchari@japan.ml.com                                                 Ravi Chari
rcs@cs.arizona.edu                                          Richard Schroeppel
rec@arris.com                                                  Roger Critchlow
rgaimari@cs.bu.edu                                              Robert Gaimari
rgeorge@mv.us.adobe.com                                                       
rhine@math.scarolina.edu                                       Andrew P. Rhine
Richv@develco.demon.co.uk                                      Richard Vaughan
rick@bcm.tmc.edu                                             Richard H. Miller
rieck@carina.cray.com                                              Keith Rieck
riegler@EIMONI.TUWIEN.AC.AT                                                   
rinaldo@fnrin1.fnal.gov                                                       
rixon@citr.uq.oz.au                                               Jeremy Rixon
rjones@xmission.com                                                  Ray Jones
rks@parallel.csd.unsw.EDU.AU                                  Russell Standish
rmb@santafe.edu                                                               
robin@ibmoto.com                                                Robin Anderson
rod@data.uchicago.edu                                            Rotherick Tan
rodolfo@leland.Stanford.EDU                                   Rodolfo Gonzalez
roumel@Flare.Stanford.EDU                                   George Roumeliotis
rousseau@cis.ohio-state.edu                                    robert rousseau
rseymour@reed.edu                                               Robert Seymour
rswartz@phoenix.Princeton.EDU                                    Reuben Swartz
rucker@sjsumcs.SJSU.EDU                                            Rudy Rucker
rufinus@cae.wisc.edu                                                          
rwood@i-kinetics.com                                              Richard Wood
ryand@cs.wits.ac.za                                              Ryan Davidson
rydberg@fy.chalmers.se                                          Henrik Rydberg
S.Stuurman@twi.tudelft.nl                                      Sylvia Stuurman
S0641243@let.rug.nl                                             P.C.J. Kleiweg
S1.TES@ISUMVS.IASTATE.EDU                                     Leigh Tesfatsion
Sabine.Thuermel@zfe.siemens.de                             Dr. Sabine Thuermel
sakagami@wrc.honda.co.jp                                                      
saurin@cnam.fr                                                  William Saurin
schorsch@pz-oekosys.uni-kiel.d400.de                            Georg Hoermann
schult@casbah.acns.nwu.edu                                                    
schutzer@cs.columbia.edu                                       Daniel Schutzer
schwicke@CS.ColoState.EDU                                    drew schwickerath
scrimage@andersen.com                                            Doug Scrimage
sd@sanger.ac.uk                                                               
sethb@cogs.susx.ac.uk                                             Seth Bullock
settlk@nwtss1.eq.gs.com                                             Ken Settle
sevans@unlinfo.unl.edu                                            sharon evans
sgt@sis.port.ac.uk                                              Simon Thompson
shannon@pci.upmc.edu                                                          
shawn@chinook.uoregon.edu                           Shawn Lockery 503-346-4590
shendi@saruman.stgt.sub.org                                   Alexander Shendi
shepard@phoenix.cs.uga.edu                                        Erik Shepard
sherlock@bnr.ca                                            steve (s.p.) holmes
shf@access.digex.net                                               Stephen Foy
shoade@sun1.iusb.indiana.edu                                        Sean Hoade
shrdlu@willow.sdd.trw.com                                        Lynda L. True
shuford@cs.utk.edu                                                            
sidou@eurecom.fr                                               Dominique Sidou
simon@BIO.BU.EDU                                                  Simon Robson
simonr@insect.sd.monash.edu.au                                      Simon Raik
siuwl@hntp2.hinet.net                                                    siuwl
skarkkai@cc.helsinki.fi                                    H Samuli Karkkainen
skr22ur@isw.uni-stuttgart.de                                    Peter Umgelter
smidt@cd.chalmers.se                                               Peter Smidt
smt@xedoc.com.au                                                  Steve Taylor
somayaji@athena.mit.edu                                          Anil Somayaji
sourav@control.prec.metro-u.ac.jp                                 Sourav Kundu
stainles@bga.com                                                  Dwight Brown
Stephane.Lapalut@sophia.inria.fr                              Stephane LAPALUT
stephane@dcs.gla.ac.uk                                                        
stephent@cs.cornell.edu                                      Stephen Tomlinson
steve@chambers.ak.planet.co.nz                                                
steve@gardner.demon.co.uk                                        Steve Gardner
streak@engin.umich.edu                                     Theodore C. Belding
strider@osuunx.ucc.okstate.edu                                                
sultan@glas.apc.org                                            Igor V. Golovin
sunilg@access.digex.net                                            Sunil Gupta
susan@logcam.co.uk                                               Susan Stepney
svetter@maroon.tc.umn.edu                                     Steven C. Vetter
SWAINBOST@delphi.com                                                          
swartz@cs.wisc.edu                                                Steve Swartz
swgate2!STLMAIL4!DT5812@wuarchive.wustl.edu                                   
swicks@unixg.ubc.ca                                           Stephen R. Wicks
swildner@channelz.gun.de                                        Sascha Wildner
syswerda@optimax.com                                          Gilbert Syswerda
t-alexm@microsoft.com                                              Alex Mallet
talla@SLINKY.CS.NYU.EDU                                     Surendranath Talla
tamayo@Think.COM                                                  Pablo Tamayo
tbm@tci002.uibk.ac.at                                         Martin Michlmayr
techscan@pipeline.com                                          Louis Giacolone
ted@crl.nmsu.edu                                                   Ted Dunning
tettaman@dsi.unimi.it                                   Andrea G.B. Tettamanzi
TGAGE@b205s1.ssc.af.mil                         Gage, Thomas,      GS-13 AFLMA
Thomas.Granvold@Eng.Sun.COM                                       Tom Granvold
thomas@eddie.mpik-tueb.mpg.de                                  Thomas Wachtler
thomasm@mechti.wupper.de                                 Thomas Mechtersheimer
thomson@jensen.cs.utah.edu                                        Rich Thomson
thy@tao.ai.univ-paris8.fr                                     Thierry Delamare
tiedeman@x4u2.desy.de                                        Hendrik Tiedemann
timothy@ccu1.auckland.ac.nz                                          Tim Bates
tkammeye@cs.ucsd.edu                                        Thomas E. Kammeyer
tkeitt@algodones.unm.edu                                         Timothy Keitt
tmwall@pwinet.upj.com                                                   TMWALL
tobin@bnr.ca                                                 edward (e.) tobin
Todd_Drake.LOTUS.NOTES.NOTES_GATEWAYS@motorcity.lotus.com           Todd Drake
tomg@mishima.MN.ORG                                           Thomas Greenwalt
tonys@ariel.ucs.unimelb.EDU.AU                             Anthony David Smith
trestrab@GVSU.EDU                                               BETH TRESTRAIL
tripos!nereid!zauhar@uunet.uu.net                                 Randy Zauhar
ttf@dsg59.nad.ford.com                                      Tihamer Toth-Fejel
twpierce@unix.amherst.edu                                           Tim Pierce
tyre@sfu.ca                                                       Richard Tyre
u3460aih@elm.circa.ufl.edu                                       Aaron Kirsten
ueno@nttbss.ntt.JP                                                   Isoo Ueno
ujmp1@sunyit.edu                                              Joseph M. Prusik
umaurer@gwdg.de                                                        umaurer
UMLANGSTON@MSUVX1.MEMPHIS.EDU                                                 
val@cs.weber.edu                                                 Val Kartchner
val@zariski.harvard.edu                                         Jean DeValpine
vanhannen@cl.nioo.nl                                          Hannen, Erik van
VANHORN@RHENIUM.CHEM.UTAH.EDU                                             NAME
verch@cedar.buffalo.edu                                            Jason Verch
vince@das.harvard.edu                                             Vince Darley
vincent@hkcmpc1.hkimd.cig.mot.com                                      vincent
virtanen@uoguelph.ca                                             Carl Virtanen
voth@hunter.den.mmc.com                                          Chris T. Voth
vrenios@enuxsa.eas.asu.edu                                   Alexander Vrenios
wagle@cs.indiana.edu                                               Perry Wagle
WAGRAY%MAILEX.dnet@hermes.dra.hmg.gb                                          
warwickp@syd.csa.com.au                                         Warwick Pulley
wasilewj@cu51.crl.aecl.ca                                       Joe Wasilewicz
watts@khan.tam.cornell.edu                                        Duncan Watts
WAustin@UH.EDU                                                                
weemba@sagi.wistar.upenn.edu                                  Matthew P Wiener
WF28155@deere.com                                          WILLIAM F FULKERSON
wicarrol@eos.ncsu.edu    Wm Isaac Carroll (just a frood who knows where his to
Willem-Olaf.Huijsen@let.ruu.nl                                    Wolf Huijsen
willey@Inference.COM                                             Edward Willey
william@head.neurology.wisc.edu                                  William Annis
witek@cs.rpi.edu                                               Witek Szymanski
wjrst1+@pitt.edu                                                William J Rehm
woodward@luna.cas.usf.edu                                 Chris Woodward (PSY)
wpeterma@cogsci.ucsd.edu                                         Will Peterman
wss@probitas.cs.utas.edu.au                                          Wei Shang
wtozier@sas.upenn.edu                                           William Tozier
wuc@rintintin.Colorado.EDU                                 WU CHARLES CHU-SHIN
wyllie@physun.physics.mcmaster.ca                                 Craig Wyllie
xhlec@westminster.ac.uk                                           Khaled "M.B.
xuc@phibred.com                                                               
yamauchi@alpha.ces.cwru.edu                                     Brian Yamauchi
yavuzb@knidos.cc.metu.edu.tr                                      Yavuz Batmaz
ybmiao@ciuc2.uc.pt                                                            
yk@trc.rwcp.or.jp                                                             
yuji@trc.rwcp.or.jp                                                           
zhang@cc.hirosaki-u.ac.jp                                       Zhang Shu Huai
znmeb@plaza.ds.adp.com                                                        
zongker@cps.msu.edu                                                           

Voted No
------------------------------------------------------------------------------
antersbe@informatik.tu-muenchen.de                         Stefan Antersberger
ault@cs.albany.edu                                                    Jim Ault
bailey@hagar.ph.utexas.edu                                           Ed Bailey
calvitti@alpha.ces.cwru.edu                                      Alan Calvitti
cward@Think.COM                                               Christopher Ward
elt@irony.com                                                      Ed Taychert
fsspr@camelot.acf-lab.alaska.edu                                  Sean P. Ryan
ginsberg@t.uoregon.edu                                     Matthew L. Ginsberg
j414@midway.uchicago.edu                                   mary-frances  jagod
john@iastate.edu                                                              
jrm@globalvillag.com                                     John R. MacWilliamson
m8646@msg.abc.se                                                Allen Ristovic
mad5c@server.cs.virginia.edu                                                  
mcm@cs.cmu.edu.i.vote.no.on.comp.ai.alife                     Martin C. Martin
mmt@RedBrick.COM                                          Maxime Taksar KC6ZPS
peterb@telerama.lm.com                                         Peter G. Berger
siamak@kaiwan.com                                                Siamak Ansari
smarry@turing.toronto.edu                                         Smarasderagd
srogers@tps.mcs.eds.com                                                       
tomj@jac.enet.dec.com                                           Tom Jaskiewicz
toms@ichips.intel.com                                                         
tvaughan@epore.mit.edu                                      Timothy E. Vaughan
WARD@bert.van.forintek.ca                                         Ward F. Bush

Abstained
------------------------------------------------------------------------------
ray@helix.nih.gov                                                Raymond Mejia


Votes in error
------------------------------------------------------------------------------
afs064@bangor.ac.uk                                           Prof. J. B. Owen
   ! Conflicting votes
anon1fd0@nyx10.cs.du.edu                              Name withheld by request
   ! Invalid address


